Temperature (Â°C),Humidity (%),Rainfall (mm),N (ratio),P (ratio),K (ratio),Crop
20.88,82,202.94,0.51,0.24,0.25,Rice
21.77,80.32,226.66,0.46,0.32,0.22,Rice
23,82.32,263.96,0.38,0.35,0.28,Rice
26.49,80.16,242.86,0.5,0.23,0.27,Rice
20.13,81.6,262.72,0.48,0.26,0.26,Rice
23.06,83.37,251.05,0.47,0.25,0.28,Rice
22.71,82.64,271.32,0.43,0.34,0.23,Rice
20.28,82.89,241.97,0.5,0.28,0.21,Rice
24.52,83.54,230.45,0.49,0.3,0.21,Rice
23.22,83.03,221.21,0.41,0.35,0.23,Rice
26.53,81.42,264.61,0.49,0.29,0.22,Rice
23.98,81.45,250.08,0.51,0.26,0.24,Rice
26.8,80.89,284.44,0.43,0.32,0.24,Rice
24.01,82.06,185.28,0.5,0.3,0.19,Rice
25.67,80.66,209.59,0.52,0.28,0.2,Rice
24.28,80.3,231.09,0.41,0.33,0.27,Rice
21.59,82.79,276.66,0.52,0.23,0.25,Rice
23.79,80.42,206.26,0.55,0.21,0.24,Rice
21.87,80.19,224.56,0.51,0.25,0.24,Rice
23.58,83.59,291.3,0.54,0.21,0.25,Rice
21.33,80.47,185.5,0.52,0.26,0.21,Rice
25.16,83.12,231.38,0.48,0.25,0.27,Rice
21.95,80.97,213.36,0.4,0.35,0.25,Rice
21.05,82.68,233.11,0.5,0.25,0.26,Rice
23.48,81.33,224.06,0.54,0.26,0.2,Rice
25.08,80.52,257,0.41,0.33,0.26,Rice
26.36,84.04,271.36,0.49,0.3,0.22,Rice
24.53,80.54,260.26,0.52,0.27,0.22,Rice
20.78,84.5,240.08,0.39,0.32,0.29,Rice
22.3,80.64,197.98,0.49,0.3,0.21,Rice
21.45,84.94,272.2,0.43,0.33,0.24,Rice
22.18,80.33,200.09,0.55,0.21,0.24,Rice
24.53,82.74,224.68,0.53,0.23,0.24,Rice
20.27,81.64,270.44,0.52,0.28,0.2,Rice
25.74,83.88,233.13,0.47,0.29,0.24,Rice
26.8,82.15,193.35,0.49,0.29,0.22,Rice
26.76,81.18,272.3,0.52,0.3,0.18,Rice
23.86,83.15,285.25,0.56,0.23,0.21,Rice
21.02,82.95,298.4,0.41,0.29,0.3,Rice
24.17,83.73,257.03,0.43,0.3,0.28,Rice
22.78,82.07,248.72,0.44,0.3,0.26,Rice
25.63,83.53,209.9,0.42,0.3,0.28,Rice
25.6,80.15,200.83,0.46,0.34,0.2,Rice
23.83,84.81,298.56,0.51,0.25,0.25,Rice
26.31,82.37,265.54,0.47,0.29,0.25,Rice
24.9,80.53,183.68,0.55,0.21,0.23,Rice
24.96,84.48,196.96,0.46,0.29,0.25,Rice
23.24,84.59,233.05,0.49,0.26,0.25,Rice
21.67,80.71,210.81,0.49,0.27,0.24,Rice
24.64,80.41,253.72,0.47,0.29,0.24,Rice
23.43,83.06,219.9,0.43,0.26,0.31,Rice
20.05,80.35,208.58,0.43,0.34,0.22,Rice
23.86,82.23,195.09,0.49,0.29,0.22,Rice
21.97,81.9,227.36,0.39,0.36,0.26,Rice
26.23,83.84,286.51,0.52,0.28,0.2,Rice
23.45,84.79,283.93,0.49,0.25,0.26,Rice
25.66,83.47,217.38,0.45,0.33,0.23,Rice
24.44,82.45,267.98,0.53,0.21,0.26,Rice
20.28,82.12,191.95,0.45,0.29,0.25,Rice
21.72,80.24,277.96,0.52,0.29,0.19,Rice
20.41,82.21,245.15,0.48,0.27,0.25,Rice
25.76,83.52,245.66,0.45,0.31,0.24,Rice
20.62,83.77,279.55,0.49,0.31,0.2,Rice
21.84,80.73,202.38,0.47,0.24,0.28,Rice
20.08,83.29,263.64,0.46,0.28,0.25,Rice
24.46,82.75,182.56,0.56,0.23,0.2,Rice
21.14,80.34,198.67,0.52,0.28,0.19,Rice
25.79,82.11,243.51,0.48,0.33,0.19,Rice
23.64,80.29,263.11,0.44,0.29,0.26,Rice
23.43,80.57,269.5,0.49,0.3,0.2,Rice
24.98,83.89,204.8,0.4,0.34,0.27,Rice
22.73,82.17,260.89,0.45,0.3,0.25,Rice
24.87,82.84,295.61,0.5,0.27,0.23,Rice
21.32,83,192.32,0.48,0.26,0.26,Rice
26.29,84.57,257.49,0.45,0.33,0.22,Rice
22.23,81.86,278.08,0.54,0.2,0.25,Rice
26.73,81.79,280.4,0.42,0.3,0.28,Rice
24.89,81.98,185.95,0.5,0.24,0.26,Rice
26.88,81.46,194.58,0.51,0.24,0.25,Rice
22.68,83.73,200.91,0.51,0.26,0.24,Rice
26.09,80.38,182.9,0.4,0.34,0.26,Rice
25.43,82.95,195.36,0.47,0.3,0.23,Rice
26.4,81.06,223.37,0.39,0.34,0.27,Rice
26.04,84.97,186.75,0.45,0.29,0.26,Rice
25.28,80.54,220.12,0.41,0.35,0.24,Rice
22.09,83.47,231.74,0.4,0.37,0.23,Rice
23.29,81.43,242.32,0.5,0.26,0.23,Rice
25.49,81.41,182.65,0.47,0.28,0.25,Rice
23.68,81.04,233.7,0.46,0.3,0.24,Rice
20.82,84.13,230.22,0.5,0.28,0.22,Rice
26.93,81.91,290.68,0.51,0.29,0.21,Rice
23.84,83.88,241.2,0.52,0.26,0.22,Rice
26.53,80.12,218.92,0.5,0.28,0.22,Rice
26.46,83.86,248.23,0.5,0.26,0.24,Rice
22.7,82.81,257,0.41,0.35,0.24,Rice
22.68,83.46,194.27,0.5,0.26,0.24,Rice
21.53,82.14,295.92,0.53,0.27,0.21,Rice
21.41,83.33,287.58,0.38,0.34,0.28,Rice
26.54,84.67,183.62,0.5,0.22,0.28,Rice
23.36,83.6,188.41,0.46,0.26,0.28,Rice
22.61,63.69,87.76,0.5,0.38,0.11,Maize
26.1,71.57,102.27,0.5,0.36,0.14,Maize
23.56,71.59,66.72,0.58,0.31,0.12,Maize
19.97,57.68,60.65,0.48,0.38,0.14,Maize
18.48,62.7,65.44,0.51,0.32,0.17,Maize
21.78,57.81,102.09,0.54,0.33,0.13,Maize
25.62,66.5,105.47,0.62,0.27,0.11,Maize
25.19,66.69,78.07,0.53,0.36,0.11,Maize
20.42,62.55,65.28,0.55,0.32,0.12,Maize
24.92,66.79,109.22,0.44,0.39,0.16,Maize
23.32,73.45,94.3,0.53,0.33,0.14,Maize
24.84,68.36,74.05,0.56,0.31,0.13,Maize
22.28,58.84,63.87,0.48,0.4,0.12,Maize
18.88,65.77,94.76,0.61,0.29,0.11,Maize
25.19,60.2,72.12,0.47,0.38,0.15,Maize
18.25,55.28,63.72,0.44,0.41,0.15,Maize
24.61,70.42,104.16,0.52,0.35,0.13,Maize
25.14,65.26,76.68,0.51,0.34,0.14,Maize
23.09,60.12,65.5,0.48,0.38,0.14,Maize
18.05,62.89,84.24,0.5,0.37,0.13,Maize
24.93,73.8,79.74,0.5,0.37,0.14,Maize
18.15,71.09,88.08,0.6,0.3,0.09,Maize
18.28,66.66,80.98,0.49,0.37,0.14,Maize
18.83,58.75,79.75,0.56,0.3,0.14,Maize
25.72,67.22,74.51,0.61,0.29,0.1,Maize
25.34,68.5,96.46,0.54,0.35,0.11,Maize
23.89,57.49,102.83,0.62,0.26,0.12,Maize
21.54,71.51,102.49,0.54,0.35,0.11,Maize
23.09,63.1,70.43,0.53,0.32,0.15,Maize
25.62,63.47,108.83,0.54,0.34,0.12,Maize
21.45,63.16,65.89,0.59,0.24,0.17,Maize
18.52,55.53,90.99,0.5,0.34,0.15,Maize
22.54,67.99,64.41,0.51,0.34,0.15,Maize
23.02,61.89,63.04,0.52,0.29,0.19,Maize
24.89,65.61,87.93,0.47,0.36,0.17,Maize
25.77,74.09,107.49,0.6,0.27,0.13,Maize
19.4,62.36,60.95,0.5,0.38,0.12,Maize
21.54,59.64,109.75,0.53,0.34,0.13,Maize
23.8,74.83,91.76,0.65,0.23,0.12,Maize
18.98,74.53,94.26,0.5,0.38,0.12,Maize
24.11,73.13,71.08,0.58,0.33,0.1,Maize
24.79,70.05,76.73,0.47,0.35,0.18,Maize
21.63,60.28,69.22,0.53,0.35,0.12,Maize
25.38,57.21,101.7,0.54,0.36,0.1,Maize
22.22,72.85,106.62,0.48,0.36,0.16,Maize
20.58,69,66.29,0.59,0.28,0.13,Maize
24.88,68.74,91.26,0.45,0.44,0.11,Maize
20.04,56.36,109.02,0.49,0.39,0.12,Maize
25.95,61.89,99.58,0.53,0.31,0.16,Maize
19.29,65.47,71.32,0.51,0.35,0.14,Maize
20.58,65.35,78.35,0.64,0.23,0.13,Maize
24.71,56.73,88.45,0.57,0.26,0.17,Maize
20.27,63.91,62.5,0.51,0.35,0.14,Maize
18.42,64.24,76.41,0.52,0.33,0.15,Maize
23.39,61.74,107.32,0.57,0.33,0.1,Maize
19.85,61.25,100.77,0.61,0.25,0.14,Maize
21.87,61.91,107.27,0.56,0.3,0.14,Maize
22.81,56.51,101.6,0.5,0.38,0.12,Maize
19.08,69.02,80.73,0.51,0.34,0.15,Maize
22.03,65.36,83.73,0.55,0.31,0.14,Maize
23.81,59.25,89.96,0.55,0.31,0.14,Maize
18.53,69.03,88.1,0.46,0.38,0.16,Maize
23.5,61.32,64.78,0.47,0.36,0.17,Maize
26.55,72.89,73.34,0.59,0.25,0.16,Maize
19.3,69.63,83.21,0.54,0.34,0.13,Maize
20.69,59.44,103.65,0.51,0.36,0.12,Maize
19.33,68.03,84.23,0.54,0.3,0.15,Maize
24.61,73.59,96.59,0.53,0.32,0.15,Maize
22.27,59.52,67.97,0.55,0.27,0.18,Maize
25.7,61.33,83.21,0.56,0.31,0.13,Maize
19.2,68.31,87.85,0.63,0.25,0.12,Maize
21.7,60.47,95.71,0.48,0.37,0.15,Maize
20.52,59.21,67.61,0.62,0.27,0.12,Maize
23.3,73.63,97.59,0.58,0.31,0.12,Maize
24.25,55.65,64.24,0.55,0.28,0.17,Maize
24.86,65.74,75.82,0.53,0.36,0.12,Maize
22.63,65.77,88.17,0.54,0.29,0.17,Maize
18.04,60.61,104.23,0.54,0.33,0.13,Maize
23.26,72.33,67.1,0.5,0.33,0.17,Maize
22.88,71.6,67.73,0.63,0.24,0.13,Maize
25.97,69.36,103.22,0.54,0.31,0.15,Maize
26.14,66.21,107.24,0.54,0.31,0.15,Maize
18.66,61.55,75.03,0.43,0.4,0.17,Maize
25.11,55.98,78.16,0.5,0.37,0.13,Maize
23.34,59.25,105.01,0.45,0.43,0.12,Maize
25.08,65.92,62.49,0.62,0.27,0.11,Maize
25.37,72.52,107.91,0.44,0.41,0.15,Maize
25.34,63.32,74.52,0.57,0.27,0.16,Maize
25.01,67.82,62.91,0.52,0.38,0.1,Maize
18.67,71.52,69.93,0.53,0.34,0.13,Maize
20.38,63.74,108.51,0.51,0.38,0.11,Maize
18.09,72.61,78.96,0.57,0.34,0.09,Maize
26.17,71.96,79.85,0.52,0.35,0.12,Maize
18.65,61.38,93.62,0.54,0.3,0.16,Maize
26.07,59.37,85.76,0.46,0.39,0.14,Maize
18.93,72.8,82.34,0.53,0.33,0.14,Maize
23.31,63.25,108.76,0.54,0.28,0.18,Maize
18.75,62.5,70.23,0.45,0.41,0.14,Maize
19.74,59.66,65.51,0.51,0.35,0.14,Maize
25.73,70.75,98.74,0.52,0.36,0.12,Maize
17.02,16.99,88.55,0.21,0.38,0.41,Bengal Gram
19.02,17.13,79.93,0.13,0.4,0.47,Bengal Gram
17.89,15.41,68.55,0.21,0.32,0.47,Bengal Gram
18.87,15.66,88.51,0.12,0.4,0.47,Bengal Gram
18.37,19.56,79.26,0.2,0.37,0.43,Bengal Gram
20.45,15.4,92.68,0.17,0.39,0.44,Bengal Gram
20.65,16.61,74.66,0.27,0.33,0.4,Bengal Gram
17.33,18.75,82.62,0.28,0.33,0.39,Bengal Gram
18.18,18.9,81.85,0.23,0.35,0.42,Bengal Gram
18.01,18.31,81.99,0.15,0.4,0.44,Bengal Gram
20.99,19.33,93.55,0.29,0.33,0.39,Bengal Gram
19.46,15.23,74.59,0.23,0.35,0.42,Bengal Gram
19.81,14.7,78.97,0.29,0.31,0.4,Bengal Gram
18.97,19.52,80.71,0.14,0.36,0.5,Bengal Gram
18.2,14.71,70.18,0.16,0.37,0.46,Bengal Gram
18.73,19.18,71.58,0.15,0.39,0.46,Bengal Gram
21,19.86,73.51,0.27,0.31,0.42,Bengal Gram
20.28,16.4,82.52,0.2,0.37,0.43,Bengal Gram
17.48,15.76,66.97,0.14,0.44,0.42,Bengal Gram
20.89,14.32,90.46,0.17,0.39,0.43,Bengal Gram
17.08,16.15,71.31,0.14,0.42,0.44,Bengal Gram
20.09,15.11,85.75,0.15,0.4,0.45,Bengal Gram
17.57,15,89.31,0.17,0.42,0.41,Bengal Gram
19.12,18.43,85.53,0.28,0.32,0.39,Bengal Gram
18.58,19.22,72.95,0.29,0.3,0.41,Bengal Gram
17.17,14.42,72.33,0.13,0.4,0.47,Bengal Gram
18.29,16.68,74.87,0.2,0.36,0.44,Bengal Gram
19.03,18.67,94.71,0.29,0.3,0.41,Bengal Gram
17.14,17.07,83.75,0.25,0.36,0.39,Bengal Gram
17.48,17.93,78.92,0.22,0.35,0.42,Bengal Gram
20.57,14.26,83.76,0.15,0.41,0.44,Bengal Gram
17.22,15.82,76.58,0.2,0.38,0.41,Bengal Gram
19.69,19.44,91.76,0.18,0.34,0.47,Bengal Gram
17.85,19.09,76.32,0.12,0.44,0.43,Bengal Gram
18.82,16.11,89.73,0.17,0.43,0.41,Bengal Gram
17.48,16.54,93.35,0.17,0.35,0.49,Bengal Gram
18.73,17.58,81.2,0.3,0.3,0.4,Bengal Gram
18.66,16.18,81.71,0.27,0.3,0.43,Bengal Gram
18.24,19.69,83.75,0.23,0.38,0.39,Bengal Gram
18.81,15.22,77.54,0.28,0.32,0.4,Bengal Gram
18.65,17.81,77.93,0.22,0.34,0.44,Bengal Gram
20.37,16.9,82.25,0.31,0.28,0.41,Bengal Gram
18.38,16.64,70.52,0.19,0.41,0.4,Bengal Gram
17.17,17.3,72.79,0.28,0.33,0.39,Bengal Gram
19.37,15.77,85.25,0.19,0.36,0.45,Bengal Gram
17.93,14.27,85.37,0.2,0.36,0.44,Bengal Gram
19.45,18.23,75.63,0.27,0.31,0.41,Bengal Gram
19.13,14.92,89.62,0.15,0.41,0.45,Bengal Gram
19.1,17.26,75.49,0.28,0.3,0.42,Bengal Gram
17.49,16.96,86.05,0.26,0.34,0.39,Bengal Gram
19.41,18.98,80.25,0.21,0.39,0.39,Bengal Gram
20.19,19.64,78.26,0.22,0.36,0.42,Bengal Gram
17.3,15.15,75.58,0.15,0.35,0.5,Bengal Gram
17.5,15.48,72.94,0.16,0.43,0.41,Bengal Gram
18.17,14.7,90.78,0.13,0.38,0.49,Bengal Gram
17.57,16.72,77.82,0.28,0.33,0.39,Bengal Gram
20.93,18.91,78.07,0.2,0.35,0.45,Bengal Gram
19.71,17.64,85.58,0.25,0.36,0.39,Bengal Gram
19.08,17.87,69.41,0.28,0.33,0.38,Bengal Gram
18.55,16.03,76.33,0.11,0.45,0.44,Bengal Gram
18.2,17.41,80.64,0.15,0.34,0.52,Bengal Gram
18.89,14.99,80.11,0.26,0.36,0.38,Bengal Gram
18.49,14.72,91.95,0.27,0.34,0.4,Bengal Gram
19.49,17.17,87.51,0.13,0.38,0.49,Bengal Gram
17.26,18.75,94,0.25,0.36,0.39,Bengal Gram
19.62,18.71,88.46,0.16,0.42,0.42,Bengal Gram
20.68,19.85,84.78,0.24,0.33,0.43,Bengal Gram
20.02,16.63,68.98,0.21,0.36,0.43,Bengal Gram
20.12,14.44,88.68,0.27,0.29,0.44,Bengal Gram
20.66,15.85,65.24,0.18,0.4,0.42,Bengal Gram
19.26,14.28,65.78,0.21,0.37,0.42,Bengal Gram
17.93,15.86,74.64,0.18,0.39,0.43,Bengal Gram
19.16,15.84,82.7,0.15,0.41,0.44,Bengal Gram
20.27,19.97,69.64,0.17,0.39,0.44,Bengal Gram
17.09,18.25,87.27,0.3,0.3,0.4,Bengal Gram
17.07,17.54,70.87,0.14,0.42,0.44,Bengal Gram
20.63,14.44,92.07,0.17,0.38,0.45,Bengal Gram
20.82,17.85,79.21,0.16,0.4,0.43,Bengal Gram
19.46,18.73,68.81,0.17,0.39,0.44,Bengal Gram
17.18,16.43,72.85,0.23,0.39,0.38,Bengal Gram
17.49,16.39,79.46,0.28,0.32,0.41,Bengal Gram
17.48,14.76,65.11,0.23,0.39,0.38,Bengal Gram
19.48,17.45,80.5,0.2,0.33,0.47,Bengal Gram
19.71,18.1,73.64,0.26,0.36,0.38,Bengal Gram
19.49,16.06,81.53,0.24,0.33,0.42,Bengal Gram
19.95,14.83,88.68,0.19,0.4,0.41,Bengal Gram
19.42,16.8,68.5,0.16,0.4,0.44,Bengal Gram
19.46,18.02,78.45,0.21,0.32,0.47,Bengal Gram
20.19,16.42,77.34,0.27,0.34,0.39,Bengal Gram
18.84,14.74,94.78,0.13,0.36,0.51,Bengal Gram
20.71,19.84,94.04,0.3,0.31,0.39,Bengal Gram
18.99,15.94,78.7,0.23,0.36,0.41,Bengal Gram
19.97,15.57,69.16,0.2,0.4,0.4,Bengal Gram
17.82,17.61,90.82,0.2,0.36,0.44,Bengal Gram
20.71,15.28,76.78,0.17,0.37,0.46,Bengal Gram
17.34,18.76,67.95,0.3,0.29,0.41,Bengal Gram
17.44,14.34,73.09,0.25,0.34,0.41,Bengal Gram
18.9,19.76,69.1,0.21,0.32,0.47,Bengal Gram
18.59,14.78,89.61,0.23,0.34,0.43,Bengal Gram
18.32,15.36,81.79,0.24,0.34,0.41,Bengal Gram
36.51,57.93,122.65,0.03,0.73,0.24,Red Gram
36.89,62.73,163.73,0.33,0.48,0.19,Red Gram
29.24,59.39,103.33,0.26,0.57,0.18,Red Gram
27.34,43.36,142.33,0.25,0.53,0.22,Red Gram
21.06,55.47,184.62,0.09,0.74,0.17,Red Gram
30.33,42.35,149.3,0.23,0.58,0.19,Red Gram
31.8,45.03,147.04,0.31,0.54,0.15,Red Gram
33.18,38.23,198.83,0.34,0.49,0.17,Red Gram
29.39,63.48,90.05,0.31,0.51,0.18,Red Gram
30.27,67.39,127.78,0.32,0.51,0.18,Red Gram
35.46,68.76,108.63,0.29,0.5,0.21,Red Gram
33.8,40.03,176.62,0.18,0.63,0.19,Red Gram
28.69,49.47,96.36,0.26,0.6,0.14,Red Gram
31.24,56.67,122.01,0.14,0.69,0.17,Red Gram
28.98,57.23,120.74,0.23,0.62,0.15,Red Gram
27.32,34.14,96.52,0.33,0.51,0.16,Red Gram
21.48,38.8,180.38,0.2,0.63,0.17,Red Gram
18.32,34.7,107.47,0.03,0.78,0.18,Red Gram
36.98,37.74,161.48,0.22,0.57,0.21,Red Gram
24.8,40.12,121.56,0.15,0.66,0.19,Red Gram
19.35,55.97,194.59,0.23,0.59,0.18,Red Gram
28.88,50.12,179.22,0.08,0.69,0.23,Red Gram
19.54,47.19,192.44,0.18,0.61,0.21,Red Gram
24.77,50.55,114.28,0.23,0.6,0.17,Red Gram
18.33,38.41,139.65,0.14,0.64,0.22,Red Gram
19.15,45.37,132.77,0.21,0.61,0.18,Red Gram
28.23,49.44,186.5,0.29,0.55,0.16,Red Gram
30.12,34.13,157.09,0.09,0.69,0.22,Red Gram
33.41,35.43,139.67,0.32,0.52,0.16,Red Gram
24.19,46.69,177.34,0.01,0.79,0.2,Red Gram
26.89,41.7,94.47,0.06,0.73,0.2,Red Gram
31.33,57.97,161.78,0.22,0.61,0.18,Red Gram
33.31,67.08,108.51,0.25,0.58,0.17,Red Gram
23.45,46.49,150.87,0.22,0.59,0.19,Red Gram
34.54,39.04,168.59,0.31,0.52,0.18,Red Gram
19.5,34.51,197.38,0.16,0.68,0.17,Red Gram
28.77,37.58,91.72,0.22,0.6,0.18,Red Gram
30.98,32.25,180.72,0.18,0.66,0.16,Red Gram
18.4,36.83,93.12,0.13,0.69,0.18,Red Gram
35.09,30.99,116.91,0.34,0.53,0.13,Red Gram
34.93,30.4,159.26,0.07,0.76,0.17,Red Gram
29.51,35.72,187.9,0.09,0.69,0.21,Red Gram
34.52,47.53,129.01,0.02,0.77,0.21,Red Gram
28.43,52.1,147.04,0.01,0.81,0.18,Red Gram
18.42,34.81,163.27,0.15,0.68,0.18,Red Gram
31.08,47.2,91.31,0.19,0.61,0.2,Red Gram
20.89,46.25,195.57,0.26,0.57,0.16,Red Gram
30.91,52.8,170.99,0.26,0.54,0.2,Red Gram
27.93,66.45,145.37,0.06,0.69,0.26,Red Gram
35.95,36.53,136.05,0.28,0.52,0.2,Red Gram
19.54,56.93,173.17,0.01,0.73,0.26,Red Gram
19.64,32.32,176.41,0.21,0.62,0.17,Red Gram
31.22,56.47,129.2,0.17,0.66,0.18,Red Gram
33.51,45.71,126.67,0.06,0.71,0.23,Red Gram
24.81,45.01,188.49,0.06,0.66,0.28,Red Gram
36.21,31.95,191.07,0.28,0.59,0.13,Red Gram
30.5,35.49,162.59,0.12,0.69,0.19,Red Gram
26.02,49.95,160.33,0.07,0.68,0.25,Red Gram
31.48,35.64,100.55,0.14,0.67,0.19,Red Gram
33.15,32.46,105.04,0.23,0.59,0.18,Red Gram
23.5,51.29,192.3,0.26,0.56,0.18,Red Gram
34.87,38.84,148.25,0.17,0.64,0.19,Red Gram
28.09,44.93,197.11,0.25,0.57,0.18,Red Gram
24.55,57.34,118.36,0.12,0.66,0.21,Red Gram
33.65,48.41,100.47,0.26,0.58,0.15,Red Gram
20.56,60.55,191.09,0.07,0.75,0.18,Red Gram
19.96,59.33,195.79,0.22,0.59,0.19,Red Gram
28.88,62.49,182.27,0.27,0.54,0.19,Red Gram
36.04,43.61,159.89,0.18,0.67,0.15,Red Gram
23.67,47.29,141.13,0.19,0.58,0.23,Red Gram
25.75,40.72,100.78,0.04,0.73,0.23,Red Gram
31.09,66.69,175.93,0.05,0.76,0.19,Red Gram
18.73,61.33,139.87,0.05,0.73,0.22,Red Gram
29.5,63.47,189.52,0.28,0.56,0.16,Red Gram
20.44,39.37,137.23,0.1,0.64,0.26,Red Gram
36,56.01,134.86,0.19,0.67,0.14,Red Gram
31.47,35.39,174.57,0.28,0.51,0.21,Red Gram
36.3,56.03,101.61,0,0.77,0.23,Red Gram
29.49,67.11,153.25,0.19,0.67,0.14,Red Gram
30.58,34.76,177.58,0.13,0.68,0.18,Red Gram
24.69,59.97,91.96,0.22,0.61,0.17,Red Gram
23.17,36.68,162.59,0.23,0.58,0.19,Red Gram
19.04,33.11,155.37,0.05,0.73,0.22,Red Gram
29.32,45.93,165.41,0.34,0.5,0.17,Red Gram
34.65,54.32,180.9,0.22,0.62,0.16,Red Gram
22,56.31,136.83,0.19,0.57,0.24,Red Gram
23,60.24,159.69,0.28,0.56,0.15,Red Gram
30.56,35.29,178.9,0.12,0.69,0.19,Red Gram
31.46,48.18,165.41,0.22,0.58,0.2,Red Gram
25.95,40.58,109.18,0.23,0.57,0.2,Red Gram
21.01,69.69,185.2,0.24,0.59,0.17,Red Gram
19.25,47.7,149.06,0.04,0.75,0.21,Red Gram
19.24,50.54,180.65,0.19,0.63,0.18,Red Gram
22.47,62.57,96.75,0.07,0.76,0.17,Red Gram
36.75,58.26,124.6,0.17,0.65,0.18,Red Gram
29.89,66.35,198.14,0.28,0.58,0.14,Red Gram
29.38,44.82,172.4,0.1,0.69,0.21,Red Gram
29.65,42.9,186.92,0.2,0.59,0.22,Red Gram
19.54,66.35,173.11,0.1,0.72,0.18,Red Gram
20.05,48.94,122.46,0.28,0.52,0.2,Red Gram
27.43,87.81,54.73,0.2,0.59,0.21,Green Gram
28.33,80.77,38.8,0.1,0.66,0.24,Green Gram
27.01,84.34,55.3,0.32,0.5,0.18,Green Gram
28.17,81.05,36.36,0.12,0.68,0.2,Green Gram
29.88,87.33,44.75,0.23,0.59,0.18,Green Gram
29.89,89.72,42.99,0.1,0.63,0.27,Green Gram
28.56,83.25,56.48,0.29,0.51,0.2,Green Gram
27.54,85.57,53.02,0.29,0.48,0.23,Green Gram
29.68,87.94,41.82,0,0.73,0.27,Green Gram
28.14,82.12,46.76,0.26,0.49,0.25,Green Gram
29.53,86.73,59.87,0.33,0.41,0.26,Green Gram
27.88,86.45,44.64,0.2,0.6,0.2,Green Gram
28.22,82.36,44.01,0.27,0.47,0.26,Green Gram
29.01,84.96,45.91,0.31,0.51,0.18,Green Gram
29.76,86.45,37.55,0.26,0.48,0.26,Green Gram
29.78,85.17,40.78,0.29,0.5,0.21,Green Gram
27.86,80.45,42.83,0.2,0.56,0.23,Green Gram
27.11,84.97,51.53,0.3,0.56,0.14,Green Gram
27.11,83.64,49.12,0.24,0.45,0.31,Green Gram
28.95,89.08,57.66,0.26,0.56,0.18,Green Gram
29.22,87.94,43.14,0.16,0.59,0.25,Green Gram
28.74,85.82,48.55,0.31,0.53,0.16,Green Gram
29.65,80.3,56.76,0.29,0.47,0.24,Green Gram
27.24,86.4,37.31,0.35,0.42,0.24,Green Gram
28.95,81.67,56.51,0.31,0.56,0.14,Green Gram
28.19,82.61,37.01,0.34,0.45,0.21,Green Gram
28.3,86.21,50.47,0.14,0.6,0.26,Green Gram
27.9,88.72,57.8,0.31,0.53,0.16,Green Gram
28.69,87.5,44.57,0.29,0.51,0.2,Green Gram
27.83,88.73,56.69,0.21,0.55,0.23,Green Gram
28.71,81.59,59.87,0.37,0.44,0.19,Green Gram
28.64,84.61,48.48,0.08,0.62,0.31,Green Gram
28.29,88.44,48.57,0.32,0.4,0.28,Green Gram
27.61,86.13,43.8,0.06,0.58,0.35,Green Gram
28.61,86.99,36.95,0.11,0.65,0.24,Green Gram
29.25,84.8,53.43,0.17,0.58,0.25,Green Gram
28.63,89.11,50.5,0.1,0.63,0.27,Green Gram
29.57,88.08,45.04,0.27,0.53,0.2,Green Gram
27.83,87.17,58.37,0.36,0.43,0.22,Green Gram
29.88,83.15,40.12,0.16,0.66,0.17,Green Gram
27.34,88.5,51.1,0.12,0.64,0.24,Green Gram
29.83,89.3,58.87,0.12,0.7,0.18,Green Gram
28.28,82.76,56.05,0.08,0.65,0.27,Green Gram
29.87,85.99,58.41,0.03,0.73,0.23,Green Gram
29.59,89.99,54.96,0.23,0.52,0.25,Green Gram
28.07,82.91,49.62,0.04,0.7,0.27,Green Gram
27.84,90,52.85,0.3,0.44,0.26,Green Gram
27.11,87.45,55.04,0.36,0.49,0.15,Green Gram
27.69,81.94,54.62,0.05,0.67,0.28,Green Gram
29.35,85.6,59.04,0.01,0.66,0.33,Green Gram
28.36,84.86,52.93,0.36,0.43,0.21,Green Gram
27.65,89.81,56.53,0.14,0.57,0.3,Green Gram
27.31,85.45,53.15,0.34,0.47,0.19,Green Gram
27.07,86.9,50.47,0.25,0.53,0.22,Green Gram
28.07,85.92,39.24,0.18,0.61,0.21,Green Gram
27.73,81.14,44.18,0.29,0.47,0.24,Green Gram
27.54,89.93,45.49,0.03,0.66,0.31,Green Gram
29.66,84.28,56.1,0.12,0.62,0.26,Green Gram
29.91,85.85,41.39,0.33,0.44,0.23,Green Gram
28.36,87.6,58,0.4,0.43,0.17,Green Gram
29.46,87.61,43.15,0.35,0.51,0.13,Green Gram
29.73,82.89,50.92,0.33,0.49,0.18,Green Gram
27.47,87.18,43.78,0.01,0.71,0.28,Green Gram
27.77,87.1,49.51,0.11,0.61,0.28,Green Gram
29.13,88.48,36.45,0.19,0.57,0.24,Green Gram
27.11,89.9,37.46,0.33,0.49,0.18,Green Gram
28.88,86.94,53.8,0.32,0.5,0.18,Green Gram
28.15,83.8,37.45,0.06,0.63,0.31,Green Gram
29.89,80.14,54.8,0.33,0.4,0.27,Green Gram
27.42,80.98,40.53,0.14,0.55,0.31,Green Gram
29.27,89.49,50.92,0.25,0.51,0.25,Green Gram
29.65,88.49,56.02,0.34,0.45,0.21,Green Gram
28.45,82.68,58.19,0.38,0.39,0.23,Green Gram
27.96,83.98,48.94,0.21,0.56,0.23,Green Gram
29.26,81.98,42.02,0.27,0.46,0.26,Green Gram
28.36,88.01,43.05,0.07,0.63,0.3,Green Gram
27.63,86.49,39.26,0.28,0.47,0.25,Green Gram
28.66,86.12,50.02,0.37,0.47,0.16,Green Gram
29.21,87.11,51.54,0.26,0.54,0.19,Green Gram
29.41,86.16,53.35,0.33,0.43,0.24,Green Gram
28.03,84.88,36.12,0.4,0.38,0.22,Green Gram
28.09,80.35,38.14,0.1,0.62,0.28,Green Gram
29.16,80.28,40.17,0.08,0.66,0.25,Green Gram
29.86,80.03,50.66,0.28,0.52,0.2,Green Gram
29.07,83.69,43.95,0.24,0.57,0.18,Green Gram
27.39,88.67,58.3,0.29,0.51,0.19,Green Gram
27.93,85.42,43.25,0.11,0.63,0.25,Green Gram
29.28,81.8,44.47,0.25,0.52,0.23,Green Gram
29,83.79,59.84,0.43,0.41,0.16,Green Gram
27.93,86.55,43.48,0.37,0.42,0.21,Green Gram
28.55,88.96,49.49,0.27,0.56,0.18,Green Gram
29.36,89.19,48.3,0.24,0.59,0.17,Green Gram
28.56,83.64,41.01,0.23,0.56,0.21,Green Gram
28.44,87.91,43.12,0.32,0.5,0.18,Green Gram
28.8,80.46,44.3,0.06,0.62,0.32,Green Gram
28.73,89.13,58.53,0.14,0.54,0.32,Green Gram
27.96,83.53,43.26,0.06,0.66,0.28,Green Gram
28.17,83.7,37.25,0.24,0.55,0.21,Green Gram
28.78,86.69,56.12,0.25,0.49,0.25,Green Gram
28.44,83.49,52.55,0.27,0.51,0.22,Green Gram
29.48,63.2,71.89,0.37,0.53,0.1,Black Gram
26.73,68.14,67.15,0.23,0.57,0.19,Black Gram
26.27,62.29,70.23,0.34,0.49,0.18,Black Gram
34.04,67.21,73.24,0.3,0.52,0.18,Black Gram
28.04,65.07,72.5,0.37,0.48,0.15,Black Gram
28.81,65.34,62.26,0.41,0.45,0.13,Black Gram
34.04,64.29,66.86,0.27,0.56,0.16,Black Gram
33.86,61.57,68.02,0.26,0.56,0.18,Black Gram
32.84,68.68,73.67,0.24,0.57,0.19,Black Gram
27.1,63.36,73.85,0.35,0.52,0.12,Black Gram
25.66,61.18,69.29,0.29,0.54,0.18,Black Gram
32.35,66.61,64.56,0.38,0.45,0.17,Black Gram
29.59,68.32,67.53,0.39,0.47,0.14,Black Gram
30.91,68.79,66.64,0.38,0.46,0.15,Black Gram
28.13,64.21,70.86,0.41,0.45,0.14,Black Gram
30.09,69.35,67.14,0.31,0.56,0.13,Black Gram
31.74,62.51,68.97,0.44,0.41,0.14,Black Gram
27.81,62.5,69.76,0.38,0.44,0.18,Black Gram
32.89,64.59,71.51,0.25,0.54,0.21,Black Gram
29.36,64.99,61.91,0.2,0.62,0.18,Black Gram
27.83,67.59,74.01,0.4,0.49,0.1,Black Gram
28.5,60.45,74.92,0.21,0.59,0.2,Black Gram
27.74,68.54,71.79,0.37,0.51,0.12,Black Gram
30.42,67.66,63.02,0.33,0.52,0.15,Black Gram
27.33,69.09,61.19,0.19,0.57,0.24,Black Gram
30.28,61.69,65.63,0.37,0.47,0.16,Black Gram
28.57,61.53,63.5,0.35,0.49,0.16,Black Gram
25.37,66.64,65.82,0.38,0.5,0.12,Black Gram
34.95,65.27,70.14,0.28,0.57,0.15,Black Gram
25.1,67.73,74.62,0.2,0.59,0.21,Black Gram
32.48,64.35,65.82,0.18,0.65,0.17,Black Gram
33.86,68.59,69.24,0.23,0.59,0.19,Black Gram
25.2,60.37,70.89,0.29,0.56,0.15,Black Gram
31.78,69.02,61.47,0.39,0.49,0.12,Black Gram
34.9,63.6,64.73,0.32,0.5,0.18,Black Gram
31.74,68.64,62.31,0.21,0.64,0.14,Black Gram
27.16,66.76,69.85,0.18,0.66,0.16,Black Gram
26.24,67.89,73.59,0.43,0.45,0.13,Black Gram
30.2,60.07,66.37,0.38,0.51,0.1,Black Gram
31.56,67.84,74.87,0.36,0.53,0.11,Black Gram
29.68,69.09,65.66,0.2,0.65,0.15,Black Gram
27.05,67.7,60.47,0.34,0.53,0.13,Black Gram
34.64,61.39,72.43,0.24,0.59,0.17,Black Gram
33.39,62.94,63.57,0.36,0.51,0.14,Black Gram
28.84,63.37,70.25,0.36,0.46,0.18,Black Gram
31.49,63.06,71.48,0.26,0.6,0.14,Black Gram
25.55,63.95,63.18,0.18,0.61,0.21,Black Gram
34.37,69.69,70.27,0.4,0.49,0.12,Black Gram
34.6,63.11,60.42,0.21,0.65,0.14,Black Gram
29.43,64.94,72.18,0.37,0.52,0.11,Black Gram
29.11,67.91,67.83,0.24,0.61,0.15,Black Gram
28.57,65.72,70.09,0.24,0.59,0.16,Black Gram
27.54,69.35,69.41,0.27,0.59,0.14,Black Gram
33.05,68.94,62.3,0.26,0.58,0.16,Black Gram
33.95,69.96,61.16,0.23,0.57,0.21,Black Gram
30.12,60.12,71.73,0.19,0.65,0.16,Black Gram
29.58,66.18,69.44,0.33,0.52,0.15,Black Gram
27.26,68.01,68.92,0.31,0.54,0.15,Black Gram
31.36,64.25,63.86,0.31,0.55,0.15,Black Gram
31.52,66.56,61.71,0.19,0.65,0.15,Black Gram
29.4,64.26,67.48,0.22,0.61,0.17,Black Gram
29.38,64.15,65.24,0.35,0.53,0.13,Black Gram
28.39,61.89,74.24,0.24,0.56,0.2,Black Gram
28.47,63.54,69.53,0.31,0.56,0.13,Black Gram
30.64,61.15,71.37,0.41,0.46,0.13,Black Gram
25.26,61.37,68.65,0.37,0.47,0.16,Black Gram
32.97,60.18,73.45,0.29,0.55,0.16,Black Gram
33.67,66.6,67.33,0.38,0.51,0.12,Black Gram
32.84,68,73.4,0.23,0.58,0.19,Black Gram
27.46,62.9,69.46,0.34,0.46,0.2,Black Gram
25.69,69.84,74.62,0.32,0.53,0.15,Black Gram
30.03,64.15,71.21,0.31,0.53,0.16,Black Gram
28.21,68.27,64.33,0.17,0.66,0.17,Black Gram
28.27,61.19,63.3,0.38,0.51,0.11,Black Gram
28.54,64.2,69.69,0.24,0.63,0.12,Black Gram
26.87,61.61,63.52,0.35,0.49,0.16,Black Gram
32.8,68.78,64.11,0.42,0.46,0.12,Black Gram
26.42,64.51,63.47,0.36,0.52,0.12,Black Gram
29.79,63.39,63.02,0.25,0.57,0.18,Black Gram
27.44,67.1,72.51,0.37,0.5,0.13,Black Gram
34.13,65.15,70.41,0.32,0.54,0.14,Black Gram
30.95,64.23,62.79,0.43,0.46,0.11,Black Gram
28.76,61.03,73.38,0.31,0.56,0.14,Black Gram
27.25,66.1,62.32,0.38,0.51,0.11,Black Gram
28.63,66.77,62.27,0.24,0.55,0.21,Black Gram
26.42,63.65,64.42,0.26,0.58,0.16,Black Gram
32.82,66.16,68.84,0.38,0.47,0.15,Black Gram
29.63,65.91,71.16,0.35,0.44,0.2,Black Gram
33.49,62.73,65.45,0.2,0.58,0.22,Black Gram
31.87,66.74,74.22,0.43,0.42,0.16,Black Gram
30.33,65.63,71.65,0.25,0.59,0.16,Black Gram
28.55,66.31,62.83,0.44,0.43,0.13,Black Gram
30.03,67.89,66.47,0.27,0.58,0.16,Black Gram
31.66,60.13,66.69,0.42,0.45,0.13,Black Gram
30.33,63.55,74.17,0.25,0.61,0.13,Black Gram
33.37,65.68,64.9,0.39,0.5,0.11,Black Gram
31.43,62.99,64.78,0.36,0.5,0.14,Black Gram
27.72,63.29,68.57,0.29,0.55,0.16,Black Gram
32.64,61.3,61.84,0.31,0.54,0.15,Black Gram
32.75,67.78,63.38,0.3,0.5,0.2,Black Gram
29.37,76.25,92.83,0.39,0.41,0.2,Banana
27.33,83.68,101.05,0.42,0.38,0.2,Banana
27.4,82.96,104.94,0.43,0.36,0.21,Banana
29.32,80.12,90.11,0.4,0.35,0.25,Banana
26.05,79.4,113.23,0.39,0.37,0.24,Banana
25.87,84.42,114.54,0.39,0.39,0.22,Banana
27.01,80.19,97.33,0.38,0.39,0.23,Banana
29.55,78.07,99.34,0.43,0.36,0.21,Banana
26.29,83.39,113.87,0.43,0.35,0.22,Banana
29.16,76.16,100.01,0.45,0.33,0.22,Banana
28.65,82.69,98.75,0.46,0.34,0.2,Banana
29.07,76.5,100.17,0.42,0.36,0.22,Banana
28.08,75.26,118.28,0.43,0.34,0.23,Banana
27.2,78.81,99.72,0.43,0.35,0.22,Banana
28.05,78.05,108.4,0.37,0.41,0.21,Banana
25.15,83.35,98.67,0.38,0.36,0.25,Banana
25.94,78.34,119.85,0.37,0.42,0.21,Banana
27.67,79.69,108.66,0.47,0.34,0.19,Banana
25.57,75.94,102.79,0.45,0.34,0.2,Banana
28.7,82.54,116.16,0.47,0.34,0.19,Banana
26.34,76.85,118.69,0.44,0.36,0.2,Banana
25.94,78.9,98.22,0.46,0.33,0.21,Banana
25.14,84.88,91.46,0.44,0.33,0.23,Banana
27.51,80.8,105.08,0.4,0.36,0.24,Banana
26.21,82.34,112.07,0.47,0.32,0.21,Banana
29.1,79.2,92.08,0.42,0.37,0.21,Banana
29.24,77.32,90.67,0.48,0.31,0.21,Banana
25.56,77.38,93.1,0.49,0.32,0.2,Banana
26.4,81.36,98.17,0.45,0.35,0.2,Banana
28.1,77.8,109.54,0.41,0.38,0.21,Banana
27.85,83.31,117.29,0.4,0.39,0.2,Banana
27.39,81.47,94.31,0.41,0.36,0.23,Banana
25.15,81.38,119.22,0.47,0.33,0.2,Banana
28.65,79.29,102.46,0.46,0.32,0.22,Banana
29.16,76.67,109.58,0.4,0.39,0.22,Banana
27.57,82.06,91.34,0.5,0.3,0.2,Banana
25.41,82.36,112.98,0.48,0.32,0.2,Banana
25.99,83.34,112.08,0.48,0.29,0.22,Banana
26.29,81.06,118.67,0.44,0.32,0.24,Banana
29.15,78.71,117.54,0.4,0.37,0.23,Banana
26.6,79.36,107.39,0.37,0.41,0.22,Banana
25.36,75.03,116.55,0.46,0.32,0.22,Banana
29.12,80.18,112.4,0.43,0.36,0.21,Banana
27.54,77.26,110.33,0.43,0.34,0.22,Banana
29.67,83.51,110.25,0.43,0.36,0.21,Banana
25.06,84.97,110.44,0.4,0.38,0.22,Banana
25.87,78.52,116.3,0.46,0.3,0.24,Banana
25.85,81.96,119.09,0.39,0.38,0.23,Banana
26.52,77.8,108.85,0.36,0.42,0.22,Banana
28.67,79.59,118.26,0.46,0.35,0.19,Banana
28.15,81.54,91.41,0.48,0.32,0.2,Banana
26.42,83.7,95.12,0.46,0.32,0.22,Banana
26.59,81.41,109.98,0.45,0.33,0.22,Banana
27.72,76.58,102.21,0.42,0.36,0.22,Banana
28.98,82.96,109.02,0.44,0.35,0.21,Banana
29.42,83.97,117.23,0.46,0.3,0.24,Banana
27.4,81.11,112.14,0.37,0.42,0.21,Banana
26.4,84.41,111.02,0.45,0.32,0.24,Banana
27.81,82.69,99.21,0.41,0.38,0.21,Banana
25.2,83.56,115.86,0.46,0.34,0.21,Banana
28.31,75.77,119.7,0.46,0.33,0.22,Banana
25.9,80.47,110.1,0.43,0.34,0.23,Banana
27.49,76.11,109.28,0.41,0.34,0.25,Banana
29.38,83.5,109.25,0.42,0.37,0.21,Banana
29.22,81.08,108.86,0.4,0.37,0.22,Banana
27.09,81.34,110.13,0.44,0.34,0.23,Banana
26.13,81.81,104.48,0.46,0.32,0.23,Banana
29.01,77.95,90.43,0.43,0.35,0.21,Banana
27.97,79.29,119.48,0.41,0.37,0.22,Banana
28.08,76.06,118.99,0.46,0.34,0.2,Banana
25.16,84.98,90.95,0.48,0.32,0.2,Banana
25.79,84.51,114.2,0.43,0.36,0.22,Banana
25.34,84.47,91.06,0.43,0.35,0.22,Banana
29.45,78.35,96.45,0.44,0.35,0.22,Banana
26.48,78.52,113.12,0.45,0.34,0.21,Banana
27.39,83.31,92.78,0.42,0.36,0.21,Banana
25.08,80.26,94.33,0.38,0.39,0.23,Banana
26.67,76.49,91.73,0.39,0.37,0.24,Banana
25.45,79.49,100.66,0.46,0.34,0.2,Banana
28.23,80.64,98,0.42,0.39,0.19,Banana
28.13,77.48,103.5,0.42,0.39,0.2,Banana
28.95,82.19,95.83,0.4,0.38,0.22,Banana
27.96,84.15,97.56,0.39,0.37,0.24,Banana
28,78.9,94.68,0.4,0.37,0.22,Banana
29.14,80.12,90.45,0.47,0.33,0.21,Banana
27.91,83.36,90.24,0.45,0.32,0.23,Banana
25.43,81.54,96.48,0.44,0.33,0.23,Banana
28.56,84.52,111.08,0.41,0.39,0.21,Banana
26.6,83,100.51,0.46,0.33,0.21,Banana
27.2,77.4,99.47,0.45,0.35,0.19,Banana
25.29,79.29,105.42,0.48,0.34,0.18,Banana
29.91,76.99,92,0.41,0.37,0.22,Banana
27.95,76.64,109.09,0.47,0.35,0.19,Banana
25.01,78.76,108.37,0.43,0.38,0.19,Banana
29.21,84.7,108.55,0.38,0.4,0.23,Banana
27.36,84.55,90.81,0.43,0.38,0.19,Banana
28.01,76.53,103.7,0.41,0.36,0.23,Banana
28.67,82.21,94.38,0.47,0.3,0.23,Banana
27.35,78.49,92.16,0.39,0.35,0.26,Banana
29.51,78.21,98.13,0.47,0.32,0.21,Banana
26.76,92.86,224.59,0.23,0.39,0.38,Coconut
25.61,94.31,224.32,0.42,0.26,0.32,Coconut
28.13,95.65,151.08,0.18,0.38,0.45,Coconut
25.03,91.54,179.82,0.03,0.36,0.6,Coconut
27.8,99.65,181.69,0.16,0.29,0.56,Coconut
29.26,95.11,184.76,0.14,0.22,0.64,Coconut
27.1,93.7,150.95,0.52,0.07,0.41,Coconut
25.85,90.93,147.89,0.51,0.09,0.4,Coconut
26.59,90.99,178.81,0.34,0.33,0.32,Coconut
28.39,99.19,189.67,0.37,0.1,0.52,Coconut
28.44,91.81,145.54,0.27,0.3,0.43,Coconut
28.27,96.94,198.82,0.38,0.14,0.48,Coconut
27.01,96.46,144.33,0.4,0.12,0.48,Coconut
27.64,99.35,157.92,0.44,0.21,0.35,Coconut
26.3,99.66,215.92,0.28,0.22,0.5,Coconut
27.13,95.24,204.72,0,0.37,0.63,Coconut
25.57,97.61,199.79,0.4,0.26,0.34,Coconut
25.95,93.41,172.05,0.16,0.29,0.55,Coconut
28.03,95.02,218.01,0.35,0.18,0.47,Coconut
29.13,91.31,157.24,0.49,0.1,0.41,Coconut
27.08,97,171.76,0.49,0.09,0.43,Coconut
28.11,90.02,172.48,0.39,0.1,0.52,Coconut
27.51,94.19,156.67,0.03,0.23,0.74,Coconut
27.64,95.49,205.55,0.4,0.17,0.43,Coconut
29.01,94.01,150.05,0.21,0.19,0.6,Coconut
26.58,95.79,171.63,0.4,0.3,0.29,Coconut
28.29,97,142.94,0.4,0.25,0.35,Coconut
28.69,96.65,178.96,0.26,0.14,0.6,Coconut
29.71,96.3,209.85,0.27,0.23,0.5,Coconut
27.15,96.66,149.24,0.4,0.17,0.43,Coconut
29.29,91.96,132.15,0.31,0.12,0.57,Coconut
25.07,93.31,134.84,0.43,0.15,0.42,Coconut
26.92,91.2,194.9,0.46,0.17,0.37,Coconut
28.28,93.65,171.95,0.17,0.13,0.7,Coconut
29.18,92.73,204.96,0.37,0.1,0.53,Coconut
28.36,91.65,160.73,0.33,0.28,0.39,Coconut
29.38,93.28,218.52,0.34,0.2,0.46,Coconut
25.39,98.09,218.08,0.43,0.16,0.41,Coconut
26.31,98.62,208.12,0.35,0.29,0.36,Coconut
29.53,91.91,194.31,0.2,0.3,0.5,Coconut
28.83,92.17,145.42,0.35,0.28,0.37,Coconut
28.48,97.77,160.39,0.54,0.07,0.39,Coconut
28.74,93.4,156.77,0.28,0.18,0.53,Coconut
25.01,95.59,165.81,0.32,0.32,0.37,Coconut
29.87,91.15,192.77,0.41,0.15,0.44,Coconut
27.54,94.59,150.2,0.52,0.09,0.39,Coconut
26.52,98.38,144.63,0.37,0.23,0.4,Coconut
25.04,95.9,174.8,0.13,0.28,0.59,Coconut
29.2,95.67,211.25,0.39,0.23,0.39,Coconut
27.06,91.11,224.7,0.41,0.18,0.41,Coconut
26.19,96.97,135.42,0.23,0.37,0.4,Coconut
27.59,92.49,162.84,0.27,0.29,0.44,Coconut
25.76,94.66,131.25,0.11,0.33,0.56,Coconut
28.88,95.11,145.06,0.28,0.32,0.4,Coconut
26.51,94.48,199.88,0.4,0.3,0.3,Coconut
26.87,91.73,214.41,0.45,0.12,0.43,Coconut
27.57,94.9,145.93,0.16,0.39,0.44,Coconut
28.06,98.37,171.65,0,0.48,0.52,Coconut
29.52,92.56,131.21,0.43,0.15,0.42,Coconut
28.96,95.16,222.8,0.47,0.13,0.41,Coconut
25.1,92.36,157.76,0.26,0.38,0.36,Coconut
27.19,92.2,141.32,0.33,0.31,0.37,Coconut
29.03,90.79,205.57,0.23,0.41,0.36,Coconut
27.75,95.95,131.09,0.02,0.28,0.7,Coconut
27.31,99.97,201.83,0.12,0.27,0.6,Coconut
28.84,99.64,224.4,0.2,0.37,0.43,Coconut
26.61,96.97,191.01,0.34,0.3,0.36,Coconut
29.7,95.66,215.2,0.05,0.41,0.54,Coconut
25.55,91.64,212.87,0.13,0.43,0.43,Coconut
26.38,91.5,167.05,0.27,0.38,0.35,Coconut
27.46,92.91,142.14,0.37,0.25,0.38,Coconut
27.02,95.72,147.17,0.02,0.14,0.83,Coconut
28.99,90.74,148.84,0.31,0.34,0.35,Coconut
26.11,91.52,134.13,0.36,0.11,0.53,Coconut
25.07,95.02,192.9,0,0.46,0.54,Coconut
25.55,96.93,191.3,0.55,0.09,0.36,Coconut
28.57,95.68,134.84,0.4,0.19,0.41,Coconut
26.07,96.7,143.53,0.52,0.06,0.42,Coconut
25.52,94.38,178.73,0,0.38,0.62,Coconut
25.95,94.74,144.16,0.39,0.13,0.48,Coconut
28.3,95.41,182.45,0.35,0.3,0.34,Coconut
29.57,91.41,224.83,0.24,0.38,0.38,Coconut
29.7,95.21,148.3,0.4,0.17,0.43,Coconut
26.14,93.28,195.41,0.24,0.4,0.36,Coconut
26,94.8,209.54,0.03,0.48,0.48,Coconut
27.15,91.49,164.92,0.44,0.19,0.37,Coconut
28.97,98.1,213.9,0.14,0.27,0.59,Coconut
26.14,96.39,131.34,0.28,0.18,0.54,Coconut
25.52,94.33,135.13,0.12,0.42,0.45,Coconut
27.56,99.98,174.63,0.44,0.24,0.32,Coconut
27.81,97.48,154.06,0.39,0.14,0.47,Coconut
25.6,99.72,165.82,0.29,0.28,0.43,Coconut
26.92,99.85,225.63,0.06,0.19,0.74,Coconut
29.18,90.27,188.93,0.34,0.25,0.42,Coconut
26.45,98.3,221.23,0.42,0.12,0.46,Coconut
28.44,95.88,203.93,0.35,0.13,0.52,Coconut
28.94,93,191.77,0.32,0.31,0.37,Coconut
26.45,93.45,149.22,0.33,0.3,0.37,Coconut
25.79,93.84,152.42,0.49,0.07,0.45,Coconut
26.93,98.8,166.57,0.26,0.35,0.39,Coconut
24.4,79.2,90.8,0.65,0.23,0.12,Cotton
23.1,84.86,71.3,0.71,0.19,0.1,Cotton
23.97,76.98,90.76,0.62,0.28,0.11,Cotton
24.89,75.62,89.76,0.66,0.23,0.11,Cotton
25.36,83.63,88.44,0.67,0.2,0.12,Cotton
24.69,81.74,78.58,0.65,0.26,0.1,Cotton
25,80.54,96.33,0.65,0.24,0.11,Cotton
22.46,81.31,64.23,0.64,0.24,0.12,Cotton
23.61,79.3,72.5,0.66,0.26,0.09,Cotton
24.58,79.12,71.95,0.61,0.28,0.1,Cotton
23.09,83.56,71.84,0.6,0.25,0.14,Cotton
23.5,83.63,79.81,0.61,0.3,0.09,Cotton
24.15,75.88,69.92,0.73,0.2,0.08,Cotton
24.69,84.84,89.8,0.59,0.28,0.12,Cotton
24.48,84.45,90.94,0.63,0.23,0.14,Cotton
24.49,82.24,64.03,0.71,0.19,0.1,Cotton
23.48,81.73,86.76,0.7,0.22,0.08,Cotton
24.19,76.04,69.08,0.61,0.28,0.11,Cotton
25.01,78.18,86.06,0.66,0.21,0.13,Cotton
25.99,77.05,89.12,0.62,0.3,0.08,Cotton
23.66,81.69,99.37,0.67,0.2,0.13,Cotton
25.67,81.38,78.6,0.57,0.33,0.1,Cotton
22.05,84.63,86.01,0.62,0.24,0.14,Cotton
22.42,84.56,93.47,0.61,0.25,0.13,Cotton
25.03,82.21,95.02,0.68,0.21,0.11,Cotton
23.53,77.22,87.54,0.56,0.32,0.12,Cotton
22.77,82.6,81.5,0.61,0.28,0.11,Cotton
25.5,79.98,67.06,0.65,0.24,0.11,Cotton
25.25,83.46,86.56,0.74,0.19,0.08,Cotton
22.78,77.51,64.61,0.66,0.22,0.12,Cotton
23.37,77.43,71.68,0.63,0.24,0.12,Cotton
24.87,78.22,79.57,0.59,0.28,0.12,Cotton
24.14,84.52,80.36,0.62,0.3,0.08,Cotton
25.03,79.04,97.1,0.66,0.22,0.12,Cotton
23.66,84.48,88.54,0.66,0.26,0.08,Cotton
25.54,84.09,88.94,0.64,0.27,0.09,Cotton
22,79.47,90.42,0.64,0.22,0.14,Cotton
23.64,78.13,80.96,0.65,0.24,0.11,Cotton
23.96,78.03,84.63,0.61,0.29,0.1,Cotton
24.65,75.64,61.83,0.66,0.26,0.09,Cotton
24.3,84.88,65.02,0.63,0.27,0.1,Cotton
24.29,81.02,90.42,0.68,0.21,0.11,Cotton
24.29,84.62,81.06,0.64,0.26,0.1,Cotton
25.72,81.2,99.93,0.64,0.24,0.12,Cotton
24.88,76.3,91.92,0.7,0.2,0.1,Cotton
22.61,77.34,75.14,0.63,0.22,0.14,Cotton
23.87,75.68,90.45,0.7,0.2,0.1,Cotton
23.41,76.44,78.82,0.64,0.22,0.14,Cotton
24.96,81.32,80.04,0.68,0.22,0.09,Cotton
25.17,80.3,84.62,0.63,0.28,0.09,Cotton
22.73,77.08,77.55,0.71,0.2,0.09,Cotton
22.45,76.26,86.85,0.62,0.25,0.12,Cotton
23.05,75.54,70.66,0.65,0.26,0.08,Cotton
25.29,75.67,62.64,0.65,0.22,0.13,Cotton
22.96,82.34,66.48,0.63,0.27,0.1,Cotton
22.8,84.15,91.64,0.59,0.29,0.11,Cotton
23.54,75.98,84.13,0.64,0.27,0.09,Cotton
24.41,80.8,98.6,0.66,0.24,0.1,Cotton
22.94,75.37,67.08,0.62,0.28,0.1,Cotton
25.54,81.14,95.43,0.64,0.23,0.13,Cotton
25.32,81.79,83.47,0.63,0.29,0.08,Cotton
22.43,81.53,65.54,0.64,0.26,0.11,Cotton
25.79,75.01,91.4,0.65,0.23,0.11,Cotton
25.69,77.91,66.19,0.6,0.26,0.13,Cotton
22.15,82.86,60.65,0.67,0.25,0.08,Cotton
25.07,82.5,93.51,0.62,0.28,0.09,Cotton
22.22,76.18,70.41,0.62,0.26,0.12,Cotton
23.96,76.59,76.13,0.66,0.25,0.09,Cotton
25.4,76.53,62.51,0.67,0.22,0.11,Cotton
23.78,83.04,66.27,0.61,0.29,0.1,Cotton
24.16,76.74,61.95,0.65,0.26,0.09,Cotton
25.31,77.92,72.83,0.62,0.23,0.15,Cotton
22.6,80.35,88.57,0.65,0.23,0.13,Cotton
22.95,78.72,99.75,0.64,0.28,0.08,Cotton
22.74,80.41,90.07,0.69,0.18,0.12,Cotton
23.81,83.92,70.97,0.64,0.27,0.09,Cotton
25.46,81.57,76.89,0.62,0.3,0.08,Cotton
25.97,81.98,74.14,0.6,0.32,0.09,Cotton
25.53,80.05,99.4,0.7,0.22,0.08,Cotton
24.44,81.7,60.8,0.64,0.23,0.13,Cotton
23.04,76.47,90.65,0.59,0.27,0.13,Cotton
23.51,76.73,80.11,0.63,0.27,0.1,Cotton
22.76,76.76,97.77,0.58,0.32,0.09,Cotton
24.71,77.73,85.25,0.61,0.3,0.09,Cotton
23.46,82.45,93.5,0.58,0.3,0.11,Cotton
25.55,77.85,78.58,0.69,0.23,0.09,Cotton
22.08,82.83,67.06,0.64,0.24,0.12,Cotton
24.69,78.51,69.31,0.63,0.23,0.14,Cotton
25.85,84.17,77.03,0.68,0.2,0.11,Cotton
22.46,75.41,71.85,0.65,0.26,0.09,Cotton
23.66,77.52,74.9,0.63,0.28,0.1,Cotton
22.01,81.84,92.24,0.63,0.27,0.1,Cotton
24.33,80.13,69.45,0.67,0.23,0.1,Cotton
22.92,82.69,92.92,0.65,0.24,0.12,Cotton
23.44,78.63,81.15,0.62,0.27,0.12,Cotton
22.11,78.58,74.94,0.66,0.22,0.12,Cotton
23.04,76.11,91.5,0.58,0.3,0.12,Cotton
24.55,75.4,63.88,0.66,0.23,0.11,Cotton
23.74,75.78,76.64,0.59,0.32,0.08,Cotton
22.32,83.86,65.36,0.62,0.31,0.08,Cotton
26.33,57.36,191.65,0.66,0.15,0.19,Coffee
26.45,55.32,144.69,0.69,0.14,0.17,Coffee
25.71,52.89,136.73,0.53,0.24,0.22,Coffee
24.13,56.18,147.28,0.66,0.15,0.19,Coffee
23.44,60.4,122.21,0.65,0.16,0.19,Coffee
23.41,52.27,139.37,0.71,0.14,0.15,Coffee
23.06,50.41,164.5,0.65,0.19,0.16,Coffee
23.08,63.66,129.88,0.6,0.17,0.23,Coffee
27.65,51.11,122.84,0.7,0.11,0.19,Coffee
25.47,69.35,171.38,0.63,0.18,0.19,Coffee
26.74,55.55,140.63,0.57,0.24,0.19,Coffee
26.21,52.51,189.09,0.59,0.23,0.17,Coffee
27.04,57.28,165.69,0.7,0.11,0.19,Coffee
24.65,51.94,135.14,0.57,0.21,0.22,Coffee
27.35,55.99,148.98,0.58,0.24,0.18,Coffee
25.18,62.26,135.01,0.56,0.23,0.21,Coffee
23.11,68,161.89,0.65,0.12,0.23,Coffee
27.23,52.95,175.73,0.69,0.13,0.17,Coffee
23.26,60.52,194.18,0.66,0.17,0.17,Coffee
25.23,57.53,124.23,0.63,0.2,0.16,Coffee
25.6,57.73,195.77,0.66,0.16,0.18,Coffee
25.57,60.49,190.23,0.63,0.16,0.21,Coffee
25.67,51.29,196.27,0.7,0.13,0.16,Coffee
24.41,62.66,148.7,0.65,0.16,0.19,Coffee
23.69,66.76,144.66,0.63,0.19,0.18,Coffee
24.53,67,180.51,0.64,0.18,0.18,Coffee
27.13,52.89,192.43,0.62,0.19,0.19,Coffee
27.56,68.49,167.44,0.69,0.13,0.19,Coffee
23.59,55.28,191.4,0.66,0.16,0.18,Coffee
23.18,52.14,117.31,0.53,0.25,0.22,Coffee
24.71,51.29,197.64,0.64,0.18,0.18,Coffee
24.39,64.73,119.63,0.68,0.12,0.2,Coffee
27.16,51.59,126.18,0.64,0.17,0.19,Coffee
26.54,67.1,120.65,0.59,0.17,0.24,Coffee
27.01,60.77,191.45,0.57,0.2,0.23,Coffee
27.56,58.46,117.94,0.56,0.22,0.22,Coffee
23.32,53,168.26,0.6,0.19,0.21,Coffee
24.24,54.3,115.16,0.62,0.21,0.17,Coffee
23.43,64.11,122.68,0.6,0.23,0.17,Coffee
26.02,55.83,176.9,0.68,0.13,0.2,Coffee
24.84,56.77,124.41,0.66,0.19,0.14,Coffee
26.24,65.64,148.38,0.59,0.22,0.19,Coffee
24.43,66.02,181.64,0.65,0.15,0.2,Coffee
26,62.14,153.48,0.63,0.18,0.19,Coffee
26.22,62.27,193.75,0.63,0.17,0.2,Coffee
27.1,63.55,190.24,0.72,0.1,0.18,Coffee
25.64,61.03,199.47,0.62,0.18,0.19,Coffee
27.75,54.37,139.86,0.63,0.19,0.18,Coffee
26.25,54.29,133.11,0.56,0.23,0.21,Coffee
26.67,52.24,156.15,0.56,0.2,0.24,Coffee
27.1,55.75,139.5,0.64,0.2,0.16,Coffee
27.63,61.26,196.65,0.71,0.11,0.18,Coffee
27.54,55.52,130.64,0.66,0.13,0.22,Coffee
23.57,50.56,130.38,0.69,0.11,0.2,Coffee
24.99,57.93,192.87,0.67,0.16,0.17,Coffee
27.56,54.41,177.82,0.57,0.23,0.2,Coffee
23.98,61.11,161.53,0.64,0.21,0.15,Coffee
24.23,67.38,122.41,0.65,0.18,0.17,Coffee
25.6,68.66,168.84,0.6,0.19,0.21,Coffee
24.31,53.57,184.41,0.62,0.18,0.2,Coffee
26.37,52.26,177.32,0.64,0.18,0.18,Coffee
26.56,57.16,152.06,0.58,0.19,0.23,Coffee
26.35,58.51,121.56,0.61,0.21,0.18,Coffee
25.2,57.88,156.15,0.56,0.25,0.19,Coffee
23.36,55.19,171.7,0.57,0.25,0.19,Coffee
23.61,59.69,185.16,0.67,0.15,0.18,Coffee
24.18,69.95,163.27,0.58,0.23,0.19,Coffee
26.44,53.84,175.37,0.59,0.19,0.22,Coffee
26.12,63.37,147.8,0.62,0.22,0.16,Coffee
27.77,64.48,192.71,0.67,0.17,0.16,Coffee
25.56,62.67,193.59,0.71,0.12,0.16,Coffee
27.92,67.97,115.23,0.68,0.15,0.17,Coffee
26.06,52.31,161.34,0.65,0.17,0.18,Coffee
26.36,64.58,163.63,0.67,0.17,0.16,Coffee
24.91,54.15,129.55,0.61,0.21,0.17,Coffee
27.31,68.42,192.43,0.57,0.22,0.21,Coffee
26.14,52.26,136.3,0.54,0.25,0.21,Coffee
23.11,67.06,162.58,0.63,0.2,0.17,Coffee
23.53,68.44,171.88,0.66,0.11,0.22,Coffee
25.12,68.48,194.88,0.69,0.15,0.16,Coffee
24.03,58.85,134.68,0.62,0.14,0.24,Coffee
26.71,69.71,158.86,0.64,0.2,0.16,Coffee
26.72,50.5,126.81,0.61,0.2,0.2,Coffee
24.59,56.47,137.7,0.64,0.18,0.18,Coffee
27.51,50.67,144,0.62,0.21,0.17,Coffee
27.58,58.53,156.68,0.66,0.2,0.14,Coffee
26.65,57.57,145.11,0.61,0.22,0.17,Coffee
26.97,62.02,142.86,0.6,0.2,0.2,Coffee
23.17,52.98,153.12,0.63,0.18,0.18,Coffee
23.53,65.44,186.17,0.68,0.11,0.21,Coffee
27.31,55.2,141.48,0.6,0.23,0.17,Coffee
27.55,62.88,181.42,0.64,0.17,0.19,Coffee
25.63,57.04,188.55,0.65,0.13,0.22,Coffee
23.29,50.05,183.47,0.62,0.2,0.18,Coffee
24.91,53.74,166.25,0.61,0.22,0.16,Coffee
26.77,66.41,177.77,0.62,0.2,0.18,Coffee
27.42,56.64,127.92,0.7,0.11,0.19,Coffee
24.13,67.23,173.32,0.65,0.18,0.17,Coffee
26.27,52.13,127.18,0.64,0.17,0.19,Coffee
23.6,60.4,140.94,0.68,0.12,0.2,Coffee
18.49,14.72,91.95,0.27,0.34,0.4,Bengal Gram
19.1,17.26,75.49,0.28,0.3,0.42,Bengal Gram
17.07,17.54,70.87,0.14,0.42,0.44,Bengal Gram
18.65,17.81,77.93,0.22,0.34,0.44,Bengal Gram
20.57,14.26,83.76,0.15,0.41,0.44,Bengal Gram
18.24,19.69,83.75,0.23,0.38,0.39,Bengal Gram
20.71,19.84,94.04,0.3,0.31,0.39,Bengal Gram
20.66,15.85,65.24,0.18,0.4,0.42,Bengal Gram
17.18,16.43,72.85,0.23,0.39,0.38,Bengal Gram
20.12,14.44,88.68,0.27,0.29,0.44,Bengal Gram
18.87,15.66,88.51,0.12,0.4,0.47,Bengal Gram
20.68,19.85,84.78,0.24,0.33,0.43,Bengal Gram
18.87,15.66,88.51,0.12,0.4,0.47,Bengal Gram
19.49,17.17,87.51,0.13,0.38,0.49,Bengal Gram
19.48,17.45,80.5,0.2,0.33,0.47,Bengal Gram
19.16,15.84,82.7,0.15,0.41,0.44,Bengal Gram
17.57,16.72,77.82,0.28,0.33,0.39,Bengal Gram
17.08,16.15,71.31,0.14,0.42,0.44,Bengal Gram
17.48,17.93,78.92,0.22,0.35,0.42,Bengal Gram
19.95,14.83,88.68,0.19,0.4,0.41,Bengal Gram
20.71,19.84,94.04,0.3,0.31,0.39,Bengal Gram
18.73,19.18,71.58,0.15,0.39,0.46,Bengal Gram
18.2,17.41,80.64,0.15,0.34,0.52,Bengal Gram
20.65,16.61,74.66,0.27,0.33,0.4,Bengal Gram
17.89,15.41,68.55,0.21,0.32,0.47,Bengal Gram
18.32,15.36,81.79,0.24,0.34,0.41,Bengal Gram
20.71,19.84,94.04,0.3,0.31,0.39,Bengal Gram
20.71,19.84,94.04,0.3,0.31,0.39,Bengal Gram
18.24,19.69,83.75,0.23,0.38,0.39,Bengal Gram
19.46,18.02,78.45,0.21,0.32,0.47,Bengal Gram
17.48,16.54,93.35,0.17,0.35,0.49,Bengal Gram
18.89,14.99,80.11,0.26,0.36,0.38,Bengal Gram
20.66,15.85,65.24,0.18,0.4,0.42,Bengal Gram
17.17,14.42,72.33,0.13,0.4,0.47,Bengal Gram
17.08,16.15,71.31,0.14,0.42,0.44,Bengal Gram
18.59,14.78,89.61,0.23,0.34,0.43,Bengal Gram
18.17,14.7,90.78,0.13,0.38,0.49,Bengal Gram
20.99,19.33,93.55,0.29,0.33,0.39,Bengal Gram
17.3,15.15,75.58,0.15,0.35,0.5,Bengal Gram
19.46,18.02,78.45,0.21,0.32,0.47,Bengal Gram
18.82,16.11,89.73,0.17,0.43,0.41,Bengal Gram
17.85,19.09,76.32,0.12,0.44,0.43,Bengal Gram
18.73,17.58,81.2,0.3,0.3,0.4,Bengal Gram
20.45,15.4,92.68,0.17,0.39,0.44,Bengal Gram
17.5,15.48,72.94,0.16,0.43,0.41,Bengal Gram
20.65,16.61,74.66,0.27,0.33,0.4,Bengal Gram
17.09,18.25,87.27,0.3,0.3,0.4,Bengal Gram
17.14,17.07,83.75,0.25,0.36,0.39,Bengal Gram
19.62,18.71,88.46,0.16,0.42,0.42,Bengal Gram
18.73,17.58,81.2,0.3,0.3,0.4,Bengal Gram
18.81,15.22,77.54,0.28,0.32,0.4,Bengal Gram
20.02,16.63,68.98,0.21,0.36,0.43,Bengal Gram
18.38,16.64,70.52,0.19,0.41,0.4,Bengal Gram
20.65,16.61,74.66,0.27,0.33,0.4,Bengal Gram
20.02,16.63,68.98,0.21,0.36,0.43,Bengal Gram
19.12,18.43,85.53,0.28,0.32,0.39,Bengal Gram
19.08,17.87,69.41,0.28,0.33,0.38,Bengal Gram
17.85,19.09,76.32,0.12,0.44,0.43,Bengal Gram
18.38,16.64,70.52,0.19,0.41,0.4,Bengal Gram
17.57,15,89.31,0.17,0.42,0.41,Bengal Gram
18.89,14.99,80.11,0.26,0.36,0.38,Bengal Gram
17.89,15.41,68.55,0.21,0.32,0.47,Bengal Gram
19.97,15.57,69.16,0.2,0.4,0.4,Bengal Gram
17.49,16.96,86.05,0.26,0.34,0.39,Bengal Gram
19.95,14.83,88.68,0.19,0.4,0.41,Bengal Gram
20.93,18.91,78.07,0.2,0.35,0.45,Bengal Gram
19.46,18.73,68.81,0.17,0.39,0.44,Bengal Gram
18.18,18.9,81.85,0.23,0.35,0.42,Bengal Gram
21,19.86,73.51,0.27,0.31,0.42,Bengal Gram
19.03,18.67,94.71,0.29,0.3,0.41,Bengal Gram
17.22,15.82,76.58,0.2,0.38,0.41,Bengal Gram
20.99,19.33,93.55,0.29,0.33,0.39,Bengal Gram
17.57,16.72,77.82,0.28,0.33,0.39,Bengal Gram
17.07,17.54,70.87,0.14,0.42,0.44,Bengal Gram
18.38,16.64,70.52,0.19,0.41,0.4,Bengal Gram
18.73,17.58,81.2,0.3,0.3,0.4,Bengal Gram
19.02,17.13,79.93,0.13,0.4,0.47,Bengal Gram
17.22,15.82,76.58,0.2,0.38,0.41,Bengal Gram
18.2,14.71,70.18,0.16,0.37,0.46,Bengal Gram
18.37,19.56,79.26,0.2,0.37,0.43,Bengal Gram
18.59,14.78,89.61,0.23,0.34,0.43,Bengal Gram
19.49,17.17,87.51,0.13,0.38,0.49,Bengal Gram
18.58,19.22,72.95,0.29,0.3,0.41,Bengal Gram
17.85,19.09,76.32,0.12,0.44,0.43,Bengal Gram
17.07,17.54,70.87,0.14,0.42,0.44,Bengal Gram
20.02,16.63,68.98,0.21,0.36,0.43,Bengal Gram
18.29,16.68,74.87,0.2,0.36,0.44,Bengal Gram
19.26,14.28,65.78,0.21,0.37,0.42,Bengal Gram
19.08,17.87,69.41,0.28,0.33,0.38,Bengal Gram
19.81,14.7,78.97,0.29,0.31,0.4,Bengal Gram
19.12,18.43,85.53,0.28,0.32,0.39,Bengal Gram
19.48,17.45,80.5,0.2,0.33,0.47,Bengal Gram
20.68,19.85,84.78,0.24,0.33,0.43,Bengal Gram
19.16,15.84,82.7,0.15,0.41,0.44,Bengal Gram
18.55,16.03,76.33,0.11,0.45,0.44,Bengal Gram
19.46,18.02,78.45,0.21,0.32,0.47,Bengal Gram
19.95,14.83,88.68,0.19,0.4,0.41,Bengal Gram
20.57,14.26,83.76,0.15,0.41,0.44,Bengal Gram
20.27,19.97,69.64,0.17,0.39,0.44,Bengal Gram
19.45,18.23,75.63,0.27,0.31,0.41,Bengal Gram
23.67,47.29,141.13,0.19,0.58,0.23,Red Gram
28.69,49.47,96.36,0.26,0.6,0.14,Red Gram
20.56,60.55,191.09,0.07,0.75,0.18,Red Gram
30.58,34.76,177.58,0.13,0.68,0.18,Red Gram
19.5,34.51,197.38,0.16,0.68,0.17,Red Gram
33.18,38.23,198.83,0.34,0.49,0.17,Red Gram
20.44,39.37,137.23,0.1,0.64,0.26,Red Gram
19.96,59.33,195.79,0.22,0.59,0.19,Red Gram
19.04,33.11,155.37,0.05,0.73,0.22,Red Gram
20.44,39.37,137.23,0.1,0.64,0.26,Red Gram
31.08,47.2,91.31,0.19,0.61,0.2,Red Gram
21.48,38.8,180.38,0.2,0.63,0.17,Red Gram
23.17,36.68,162.59,0.23,0.58,0.19,Red Gram
23.45,46.49,150.87,0.22,0.59,0.19,Red Gram
36.51,57.93,122.65,0.03,0.73,0.24,Red Gram
36.89,62.73,163.73,0.33,0.48,0.19,Red Gram
29.49,67.11,153.25,0.19,0.67,0.14,Red Gram
34.52,47.53,129.01,0.02,0.77,0.21,Red Gram
36.3,56.03,101.61,0,0.77,0.23,Red Gram
30.33,42.35,149.3,0.23,0.58,0.19,Red Gram
19.5,34.51,197.38,0.16,0.68,0.17,Red Gram
36.04,43.61,159.89,0.18,0.67,0.15,Red Gram
20.56,60.55,191.09,0.07,0.75,0.18,Red Gram
36.21,31.95,191.07,0.28,0.59,0.13,Red Gram
18.32,34.7,107.47,0.03,0.78,0.18,Red Gram
36,56.01,134.86,0.19,0.67,0.14,Red Gram
20.05,48.94,122.46,0.28,0.52,0.2,Red Gram
18.42,34.81,163.27,0.15,0.68,0.18,Red Gram
24.55,57.34,118.36,0.12,0.66,0.21,Red Gram
31.33,57.97,161.78,0.22,0.61,0.18,Red Gram
25.95,40.58,109.18,0.23,0.57,0.2,Red Gram
35.09,30.99,116.91,0.34,0.53,0.13,Red Gram
29.65,42.9,186.92,0.2,0.59,0.22,Red Gram
24.8,40.12,121.56,0.15,0.66,0.19,Red Gram
22.47,62.57,96.75,0.07,0.76,0.17,Red Gram
19.5,34.51,197.38,0.16,0.68,0.17,Red Gram
35.09,30.99,116.91,0.34,0.53,0.13,Red Gram
29.32,45.93,165.41,0.34,0.5,0.17,Red Gram
26.89,41.7,94.47,0.06,0.73,0.2,Red Gram
22.47,62.57,96.75,0.07,0.76,0.17,Red Gram
23,60.24,159.69,0.28,0.56,0.15,Red Gram
18.4,36.83,93.12,0.13,0.69,0.18,Red Gram
29.65,42.9,186.92,0.2,0.59,0.22,Red Gram
31.46,48.18,165.41,0.22,0.58,0.2,Red Gram
29.49,67.11,153.25,0.19,0.67,0.14,Red Gram
33.41,35.43,139.67,0.32,0.52,0.16,Red Gram
29.51,35.72,187.9,0.09,0.69,0.21,Red Gram
28.69,49.47,96.36,0.26,0.6,0.14,Red Gram
30.33,42.35,149.3,0.23,0.58,0.19,Red Gram
31.08,47.2,91.31,0.19,0.61,0.2,Red Gram
36.98,37.74,161.48,0.22,0.57,0.21,Red Gram
33.15,32.46,105.04,0.23,0.59,0.18,Red Gram
34.54,39.04,168.59,0.31,0.52,0.18,Red Gram
19.25,47.7,149.06,0.04,0.75,0.21,Red Gram
30.58,34.76,177.58,0.13,0.68,0.18,Red Gram
30.98,32.25,180.72,0.18,0.66,0.16,Red Gram
36.04,43.61,159.89,0.18,0.67,0.15,Red Gram
18.33,38.41,139.65,0.14,0.64,0.22,Red Gram
22,56.31,136.83,0.19,0.57,0.24,Red Gram
36,56.01,134.86,0.19,0.67,0.14,Red Gram
22.47,62.57,96.75,0.07,0.76,0.17,Red Gram
19.15,45.37,132.77,0.21,0.61,0.18,Red Gram
33.31,67.08,108.51,0.25,0.58,0.17,Red Gram
29.51,35.72,187.9,0.09,0.69,0.21,Red Gram
30.27,67.39,127.78,0.32,0.51,0.18,Red Gram
36.75,58.26,124.6,0.17,0.65,0.18,Red Gram
31.24,56.67,122.01,0.14,0.69,0.17,Red Gram
30.58,34.76,177.58,0.13,0.68,0.18,Red Gram
29.24,59.39,103.33,0.26,0.57,0.18,Red Gram
30.27,67.39,127.78,0.32,0.51,0.18,Red Gram
28.88,50.12,179.22,0.08,0.69,0.23,Red Gram
30.58,34.76,177.58,0.13,0.68,0.18,Red Gram
28.77,37.58,91.72,0.22,0.6,0.18,Red Gram
19.96,59.33,195.79,0.22,0.59,0.19,Red Gram
23.17,36.68,162.59,0.23,0.58,0.19,Red Gram
30.27,67.39,127.78,0.32,0.51,0.18,Red Gram
18.42,34.81,163.27,0.15,0.68,0.18,Red Gram
24.69,59.97,91.96,0.22,0.61,0.17,Red Gram
21.01,69.69,185.2,0.24,0.59,0.17,Red Gram
27.93,66.45,145.37,0.06,0.69,0.26,Red Gram
33.51,45.71,126.67,0.06,0.71,0.23,Red Gram
19.24,50.54,180.65,0.19,0.63,0.18,Red Gram
18.73,61.33,139.87,0.05,0.73,0.22,Red Gram
31.08,47.2,91.31,0.19,0.61,0.2,Red Gram
31.09,66.69,175.93,0.05,0.76,0.19,Red Gram
19.54,56.93,173.17,0.01,0.73,0.26,Red Gram
33.31,67.08,108.51,0.25,0.58,0.17,Red Gram
29.65,42.9,186.92,0.2,0.59,0.22,Red Gram
31.48,35.64,100.55,0.14,0.67,0.19,Red Gram
30.12,34.13,157.09,0.09,0.69,0.22,Red Gram
34.54,39.04,168.59,0.31,0.52,0.18,Red Gram
19.96,59.33,195.79,0.22,0.59,0.19,Red Gram
30.98,32.25,180.72,0.18,0.66,0.16,Red Gram
34.52,47.53,129.01,0.02,0.77,0.21,Red Gram
19.24,50.54,180.65,0.19,0.63,0.18,Red Gram
31.33,57.97,161.78,0.22,0.61,0.18,Red Gram
31.47,35.39,174.57,0.28,0.51,0.21,Red Gram
23,60.24,159.69,0.28,0.56,0.15,Red Gram
30.91,52.8,170.99,0.26,0.54,0.2,Red Gram
33.65,48.41,100.47,0.26,0.58,0.15,Red Gram
27.93,86.55,43.48,0.37,0.42,0.21,Green Gram
28.19,82.61,37.01,0.34,0.45,0.21,Green Gram
29.57,88.08,45.04,0.27,0.53,0.2,Green Gram
27.54,85.57,53.02,0.29,0.48,0.23,Green Gram
28.14,82.12,46.76,0.26,0.49,0.25,Green Gram
29.87,85.99,58.41,0.03,0.73,0.23,Green Gram
29.46,87.61,43.15,0.35,0.51,0.13,Green Gram
27.43,87.81,54.73,0.2,0.59,0.21,Green Gram
29.73,82.89,50.92,0.33,0.49,0.18,Green Gram
27.11,83.64,49.12,0.24,0.45,0.31,Green Gram
27.9,88.72,57.8,0.31,0.53,0.16,Green Gram
29.65,88.49,56.02,0.34,0.45,0.21,Green Gram
27.93,86.55,43.48,0.37,0.42,0.21,Green Gram
27.9,88.72,57.8,0.31,0.53,0.16,Green Gram
28.95,81.67,56.51,0.31,0.56,0.14,Green Gram
28.14,82.12,46.76,0.26,0.49,0.25,Green Gram
27.69,81.94,54.62,0.05,0.67,0.28,Green Gram
28.17,83.7,37.25,0.24,0.55,0.21,Green Gram
28.19,82.61,37.01,0.34,0.45,0.21,Green Gram
27.73,81.14,44.18,0.29,0.47,0.24,Green Gram
28.07,85.92,39.24,0.18,0.61,0.21,Green Gram
29.91,85.85,41.39,0.33,0.44,0.23,Green Gram
29.68,87.94,41.82,0,0.73,0.27,Green Gram
28.17,83.7,37.25,0.24,0.55,0.21,Green Gram
27.11,87.45,55.04,0.36,0.49,0.15,Green Gram
27.11,84.97,51.53,0.3,0.56,0.14,Green Gram
27.96,83.98,48.94,0.21,0.56,0.23,Green Gram
28.88,86.94,53.8,0.32,0.5,0.18,Green Gram
29.01,84.96,45.91,0.31,0.51,0.18,Green Gram
29.73,82.89,50.92,0.33,0.49,0.18,Green Gram
29.22,87.94,43.14,0.16,0.59,0.25,Green Gram
29.88,83.15,40.12,0.16,0.66,0.17,Green Gram
27.86,80.45,42.83,0.2,0.56,0.23,Green Gram
27.96,83.53,43.26,0.06,0.66,0.28,Green Gram
28.66,86.12,50.02,0.37,0.47,0.16,Green Gram
28.73,89.13,58.53,0.14,0.54,0.32,Green Gram
27.9,88.72,57.8,0.31,0.53,0.16,Green Gram
27.88,86.45,44.64,0.2,0.6,0.2,Green Gram
28.8,80.46,44.3,0.06,0.62,0.32,Green Gram
27.9,88.72,57.8,0.31,0.53,0.16,Green Gram
27.11,87.45,55.04,0.36,0.49,0.15,Green Gram
29.35,85.6,59.04,0.01,0.66,0.33,Green Gram
29.66,84.28,56.1,0.12,0.62,0.26,Green Gram
28.22,82.36,44.01,0.27,0.47,0.26,Green Gram
29.57,88.08,45.04,0.27,0.53,0.2,Green Gram
29.27,89.49,50.92,0.25,0.51,0.25,Green Gram
28.28,82.76,56.05,0.08,0.65,0.27,Green Gram
28.07,85.92,39.24,0.18,0.61,0.21,Green Gram
29.36,89.19,48.3,0.24,0.59,0.17,Green Gram
28.45,82.68,58.19,0.38,0.39,0.23,Green Gram
29.88,87.33,44.75,0.23,0.59,0.18,Green Gram
27.96,83.53,43.26,0.06,0.66,0.28,Green Gram
29.01,84.96,45.91,0.31,0.51,0.18,Green Gram
27.96,83.98,48.94,0.21,0.56,0.23,Green Gram
29.73,82.89,50.92,0.33,0.49,0.18,Green Gram
28.36,88.01,43.05,0.07,0.63,0.3,Green Gram
28.28,82.76,56.05,0.08,0.65,0.27,Green Gram
27.43,87.81,54.73,0.2,0.59,0.21,Green Gram
28.15,83.8,37.45,0.06,0.63,0.31,Green Gram
28.17,83.7,37.25,0.24,0.55,0.21,Green Gram
29.36,89.19,48.3,0.24,0.59,0.17,Green Gram
28.28,82.76,56.05,0.08,0.65,0.27,Green Gram
29.57,88.08,45.04,0.27,0.53,0.2,Green Gram
27.42,80.98,40.53,0.14,0.55,0.31,Green Gram
27.24,86.4,37.31,0.35,0.42,0.24,Green Gram
27.83,88.73,56.69,0.21,0.55,0.23,Green Gram
28.22,82.36,44.01,0.27,0.47,0.26,Green Gram
27.83,88.73,56.69,0.21,0.55,0.23,Green Gram
27.73,81.14,44.18,0.29,0.47,0.24,Green Gram
28.3,86.21,50.47,0.14,0.6,0.26,Green Gram
27.83,87.17,58.37,0.36,0.43,0.22,Green Gram
28.15,83.8,37.45,0.06,0.63,0.31,Green Gram
29.46,87.61,43.15,0.35,0.51,0.13,Green Gram
27.69,81.94,54.62,0.05,0.67,0.28,Green Gram
27.61,86.13,43.8,0.06,0.58,0.35,Green Gram
28.63,89.11,50.5,0.1,0.63,0.27,Green Gram
27.77,87.1,49.51,0.11,0.61,0.28,Green Gram
27.11,87.45,55.04,0.36,0.49,0.15,Green Gram
29.89,89.72,42.99,0.1,0.63,0.27,Green Gram
29.22,87.94,43.14,0.16,0.59,0.25,Green Gram
27.65,89.81,56.53,0.14,0.57,0.3,Green Gram
27.61,86.13,43.8,0.06,0.58,0.35,Green Gram
29.01,84.96,45.91,0.31,0.51,0.18,Green Gram
27.73,81.14,44.18,0.29,0.47,0.24,Green Gram
28.36,88.01,43.05,0.07,0.63,0.3,Green Gram
28.44,87.91,43.12,0.32,0.5,0.18,Green Gram
27.84,90,52.85,0.3,0.44,0.26,Green Gram
28.56,83.64,41.01,0.23,0.56,0.21,Green Gram
28.15,83.8,37.45,0.06,0.63,0.31,Green Gram
27.31,85.45,53.15,0.34,0.47,0.19,Green Gram
29.59,89.99,54.96,0.23,0.52,0.25,Green Gram
29.01,84.96,45.91,0.31,0.51,0.18,Green Gram
28.66,86.12,50.02,0.37,0.47,0.16,Green Gram
27.54,89.93,45.49,0.03,0.66,0.31,Green Gram
29.16,80.28,40.17,0.08,0.66,0.25,Green Gram
29.13,88.48,36.45,0.19,0.57,0.24,Green Gram
29.57,88.08,45.04,0.27,0.53,0.2,Green Gram
29.53,86.73,59.87,0.33,0.41,0.26,Green Gram
29.28,81.8,44.47,0.25,0.52,0.23,Green Gram
27.9,88.72,57.8,0.31,0.53,0.16,Green Gram
28.08,75.26,118.28,0.43,0.34,0.23,Banana
28.7,82.54,116.16,0.47,0.34,0.19,Banana
28.08,75.26,118.28,0.43,0.34,0.23,Banana
29.24,77.32,90.67,0.48,0.31,0.21,Banana
26.6,83,100.51,0.46,0.33,0.21,Banana
29.1,79.2,92.08,0.42,0.37,0.21,Banana
27.33,83.68,101.05,0.42,0.38,0.2,Banana
26.13,81.81,104.48,0.46,0.32,0.23,Banana
29.32,80.12,90.11,0.4,0.35,0.25,Banana
26.6,83,100.51,0.46,0.33,0.21,Banana
28.31,75.77,119.7,0.46,0.33,0.22,Banana
29.21,84.7,108.55,0.38,0.4,0.23,Banana
29.21,84.7,108.55,0.38,0.4,0.23,Banana
27.97,79.29,119.48,0.41,0.37,0.22,Banana
25.9,80.47,110.1,0.43,0.34,0.23,Banana
26.59,81.41,109.98,0.45,0.33,0.22,Banana
28.67,79.59,118.26,0.46,0.35,0.19,Banana
27.09,81.34,110.13,0.44,0.34,0.23,Banana
29.16,76.67,109.58,0.4,0.39,0.22,Banana
25.14,84.88,91.46,0.44,0.33,0.23,Banana
25.94,78.9,98.22,0.46,0.33,0.21,Banana
26.52,77.8,108.85,0.36,0.42,0.22,Banana
27.09,81.34,110.13,0.44,0.34,0.23,Banana
27.36,84.55,90.81,0.43,0.38,0.19,Banana
27.96,84.15,97.56,0.39,0.37,0.24,Banana
27.39,81.47,94.31,0.41,0.36,0.23,Banana
25.79,84.51,114.2,0.43,0.36,0.22,Banana
29.67,83.51,110.25,0.43,0.36,0.21,Banana
28.65,82.69,98.75,0.46,0.34,0.2,Banana
26.29,83.39,113.87,0.43,0.35,0.22,Banana
28.23,80.64,98,0.42,0.39,0.19,Banana
27.54,77.26,110.33,0.43,0.34,0.22,Banana
27.72,76.58,102.21,0.42,0.36,0.22,Banana
26.4,84.41,111.02,0.45,0.32,0.24,Banana
25.15,81.38,119.22,0.47,0.33,0.2,Banana
27.57,82.06,91.34,0.5,0.3,0.2,Banana
29.55,78.07,99.34,0.43,0.36,0.21,Banana
27.96,84.15,97.56,0.39,0.37,0.24,Banana
29.67,83.51,110.25,0.43,0.36,0.21,Banana
26.29,81.06,118.67,0.44,0.32,0.24,Banana
25.41,82.36,112.98,0.48,0.32,0.2,Banana
27.35,78.49,92.16,0.39,0.35,0.26,Banana
25.36,75.03,116.55,0.46,0.32,0.22,Banana
28.23,80.64,98,0.42,0.39,0.19,Banana
28.01,76.53,103.7,0.41,0.36,0.23,Banana
28.65,79.29,102.46,0.46,0.32,0.22,Banana
25.36,75.03,116.55,0.46,0.32,0.22,Banana
27.36,84.55,90.81,0.43,0.38,0.19,Banana
26.29,81.06,118.67,0.44,0.32,0.24,Banana
26.34,76.85,118.69,0.44,0.36,0.2,Banana
25.01,78.76,108.37,0.43,0.38,0.19,Banana
27.33,83.68,101.05,0.42,0.38,0.2,Banana
29.14,80.12,90.45,0.47,0.33,0.21,Banana
25.99,83.34,112.08,0.48,0.29,0.22,Banana
29.91,76.99,92,0.41,0.37,0.22,Banana
27.67,79.69,108.66,0.47,0.34,0.19,Banana
25.15,83.35,98.67,0.38,0.36,0.25,Banana
25.41,82.36,112.98,0.48,0.32,0.2,Banana
27.91,83.36,90.24,0.45,0.32,0.23,Banana
26.4,84.41,111.02,0.45,0.32,0.24,Banana
27.96,84.15,97.56,0.39,0.37,0.24,Banana
26.6,83,100.51,0.46,0.33,0.21,Banana
27.81,82.69,99.21,0.41,0.38,0.21,Banana
27.4,81.11,112.14,0.37,0.42,0.21,Banana
26.13,81.81,104.48,0.46,0.32,0.23,Banana
27.85,83.31,117.29,0.4,0.39,0.2,Banana
25.57,75.94,102.79,0.45,0.34,0.2,Banana
29.37,76.25,92.83,0.39,0.41,0.2,Banana
28.15,81.54,91.41,0.48,0.32,0.2,Banana
29.15,78.71,117.54,0.4,0.37,0.23,Banana
28.1,77.8,109.54,0.41,0.38,0.21,Banana
28.13,77.48,103.5,0.42,0.39,0.2,Banana
25.56,77.38,93.1,0.49,0.32,0.2,Banana
29.91,76.99,92,0.41,0.37,0.22,Banana
29.07,76.5,100.17,0.42,0.36,0.22,Banana
26.4,84.41,111.02,0.45,0.32,0.24,Banana
25.16,84.98,90.95,0.48,0.32,0.2,Banana
29.01,77.95,90.43,0.43,0.35,0.21,Banana
25.06,84.97,110.44,0.4,0.38,0.22,Banana
29.67,83.51,110.25,0.43,0.36,0.21,Banana
29.15,78.71,117.54,0.4,0.37,0.23,Banana
29.15,78.71,117.54,0.4,0.37,0.23,Banana
29.1,79.2,92.08,0.42,0.37,0.21,Banana
29.24,77.32,90.67,0.48,0.31,0.21,Banana
28.67,82.21,94.38,0.47,0.3,0.23,Banana
27.51,80.8,105.08,0.4,0.36,0.24,Banana
28.98,82.96,109.02,0.44,0.35,0.21,Banana
29.1,79.2,92.08,0.42,0.37,0.21,Banana
27.67,79.69,108.66,0.47,0.34,0.19,Banana
25.87,84.42,114.54,0.39,0.39,0.22,Banana
27.33,83.68,101.05,0.42,0.38,0.2,Banana
28,78.9,94.68,0.4,0.37,0.22,Banana
25.94,78.9,98.22,0.46,0.33,0.21,Banana
26.34,76.85,118.69,0.44,0.36,0.2,Banana
25.99,83.34,112.08,0.48,0.29,0.22,Banana
26.67,76.49,91.73,0.39,0.37,0.24,Banana
25.94,78.9,98.22,0.46,0.33,0.21,Banana
26.13,81.81,104.48,0.46,0.32,0.23,Banana
26.4,84.41,111.02,0.45,0.32,0.24,Banana
28.15,81.54,91.41,0.48,0.32,0.2,Banana
26.34,76.85,118.69,0.44,0.36,0.2,Banana
25.56,77.38,93.1,0.49,0.32,0.2,Banana
27.81,82.69,99.21,0.41,0.38,0.21,Banana
25.15,83.35,98.67,0.38,0.36,0.25,Banana
28.23,80.64,98,0.42,0.39,0.19,Banana
25.06,84.97,110.44,0.4,0.38,0.22,Banana
27.39,81.47,94.31,0.41,0.36,0.23,Banana
26.6,79.36,107.39,0.37,0.41,0.22,Banana
25.15,83.35,98.67,0.38,0.36,0.25,Banana
26.6,79.36,107.39,0.37,0.41,0.22,Banana
28.31,75.77,119.7,0.46,0.33,0.22,Banana
27.54,77.26,110.33,0.43,0.34,0.22,Banana
25.87,78.52,116.3,0.46,0.3,0.24,Banana
29.42,83.97,117.23,0.46,0.3,0.24,Banana
25.85,81.96,119.09,0.39,0.38,0.23,Banana
25.06,84.97,110.44,0.4,0.38,0.22,Banana
28,78.9,94.68,0.4,0.37,0.22,Banana
29.16,76.67,109.58,0.4,0.39,0.22,Banana
27.01,80.19,97.33,0.38,0.39,0.23,Banana
28.08,75.26,118.28,0.43,0.34,0.23,Banana
25.85,81.96,119.09,0.39,0.38,0.23,Banana
29.15,78.71,117.54,0.4,0.37,0.23,Banana
27.51,80.8,105.08,0.4,0.36,0.24,Banana
26.4,81.36,98.17,0.45,0.35,0.2,Banana
27.4,82.96,104.94,0.43,0.36,0.21,Banana
28.7,82.54,116.16,0.47,0.34,0.19,Banana
28.15,81.54,91.41,0.48,0.32,0.2,Banana
27.91,83.36,90.24,0.45,0.32,0.23,Banana
28.95,82.19,95.83,0.4,0.38,0.22,Banana
26.42,83.7,95.12,0.46,0.32,0.22,Banana
25.45,79.49,100.66,0.46,0.34,0.2,Banana
29.42,83.97,117.23,0.46,0.3,0.24,Banana
27.81,82.69,99.21,0.41,0.38,0.21,Banana
25.87,78.52,116.3,0.46,0.3,0.24,Banana
26.4,84.41,111.02,0.45,0.32,0.24,Banana
25.9,80.47,110.1,0.43,0.34,0.23,Banana
25.36,75.03,116.55,0.46,0.32,0.22,Banana
25.36,75.03,116.55,0.46,0.32,0.22,Banana
27.95,76.64,109.09,0.47,0.35,0.19,Banana
27.39,81.47,94.31,0.41,0.36,0.23,Banana
27.4,82.96,104.94,0.43,0.36,0.21,Banana
25.94,78.9,98.22,0.46,0.33,0.21,Banana
27.96,84.15,97.56,0.39,0.37,0.24,Banana
27.57,82.06,91.34,0.5,0.3,0.2,Banana
28.13,77.48,103.5,0.42,0.39,0.2,Banana
29.55,78.07,99.34,0.43,0.36,0.21,Banana
27.4,82.96,104.94,0.43,0.36,0.21,Banana
26.67,76.49,91.73,0.39,0.37,0.24,Banana
25.79,84.51,114.2,0.43,0.36,0.22,Banana
25.85,81.96,119.09,0.39,0.38,0.23,Banana
27.4,81.11,112.14,0.37,0.42,0.21,Banana
29.24,77.32,90.67,0.48,0.31,0.21,Banana
25.2,83.56,115.86,0.46,0.34,0.21,Banana
25.08,80.26,94.33,0.38,0.39,0.23,Banana
26.29,83.39,113.87,0.43,0.35,0.22,Banana
29.45,78.35,96.45,0.44,0.35,0.22,Banana
26.4,84.41,111.02,0.45,0.32,0.24,Banana
27.33,83.68,101.05,0.42,0.38,0.2,Banana
27.36,84.55,90.81,0.43,0.38,0.19,Banana
28.65,82.69,98.75,0.46,0.34,0.2,Banana
29.01,77.95,90.43,0.43,0.35,0.21,Banana
25.16,84.98,90.95,0.48,0.32,0.2,Banana
27.96,84.15,97.56,0.39,0.37,0.24,Banana
28.05,78.05,108.4,0.37,0.41,0.21,Banana
25.87,78.52,116.3,0.46,0.3,0.24,Banana
28.15,81.54,91.41,0.48,0.32,0.2,Banana
25.15,83.35,98.67,0.38,0.36,0.25,Banana
27.95,76.64,109.09,0.47,0.35,0.19,Banana
29.37,76.25,92.83,0.39,0.41,0.2,Banana
28.23,80.64,98,0.42,0.39,0.19,Banana
27.01,80.19,97.33,0.38,0.39,0.23,Banana
28.98,82.96,109.02,0.44,0.35,0.21,Banana
29.14,80.12,90.45,0.47,0.33,0.21,Banana
29.42,83.97,117.23,0.46,0.3,0.24,Banana
28.08,75.26,118.28,0.43,0.34,0.23,Banana
29.67,83.51,110.25,0.43,0.36,0.21,Banana
25.16,84.98,90.95,0.48,0.32,0.2,Banana
29.1,79.2,92.08,0.42,0.37,0.21,Banana
26.6,83,100.51,0.46,0.33,0.21,Banana
28.67,79.59,118.26,0.46,0.35,0.19,Banana
29.12,80.18,112.4,0.43,0.36,0.21,Banana
28,78.9,94.68,0.4,0.37,0.22,Banana
25.14,84.88,91.46,0.44,0.33,0.23,Banana
26.13,81.81,104.48,0.46,0.32,0.23,Banana
28.95,82.19,95.83,0.4,0.38,0.22,Banana
29.12,80.18,112.4,0.43,0.36,0.21,Banana
29.07,76.5,100.17,0.42,0.36,0.22,Banana
27.01,80.19,97.33,0.38,0.39,0.23,Banana
25.45,79.49,100.66,0.46,0.34,0.2,Banana
27.2,77.4,99.47,0.45,0.35,0.19,Banana
26.34,76.85,118.69,0.44,0.36,0.2,Banana
27.2,77.4,99.47,0.45,0.35,0.19,Banana
25.94,78.9,98.22,0.46,0.33,0.21,Banana
25.9,80.47,110.1,0.43,0.34,0.23,Banana
29.22,81.08,108.86,0.4,0.37,0.22,Banana
28.1,77.8,109.54,0.41,0.38,0.21,Banana
29.24,77.32,90.67,0.48,0.31,0.21,Banana
27.2,77.4,99.47,0.45,0.35,0.19,Banana
29.67,83.51,110.25,0.43,0.36,0.21,Banana
28.08,75.26,118.28,0.43,0.34,0.23,Banana
28.03,95.02,218.01,0.35,0.18,0.47,Coconut
28.11,90.02,172.48,0.39,0.1,0.52,Coconut
29.01,94.01,150.05,0.21,0.19,0.6,Coconut
25.39,98.09,218.08,0.43,0.16,0.41,Coconut
27.8,99.65,181.69,0.16,0.29,0.56,Coconut
26,94.8,209.54,0.03,0.48,0.48,Coconut
28.06,98.37,171.65,0,0.48,0.52,Coconut
26.92,99.85,225.63,0.06,0.19,0.74,Coconut
28.27,96.94,198.82,0.38,0.14,0.48,Coconut
25.61,94.31,224.32,0.42,0.26,0.32,Coconut
26.14,93.28,195.41,0.24,0.4,0.36,Coconut
28.27,96.94,198.82,0.38,0.14,0.48,Coconut
26.38,91.5,167.05,0.27,0.38,0.35,Coconut
29.03,90.79,205.57,0.23,0.41,0.36,Coconut
27.8,99.65,181.69,0.16,0.29,0.56,Coconut
25.04,95.9,174.8,0.13,0.28,0.59,Coconut
28.83,92.17,145.42,0.35,0.28,0.37,Coconut
25.01,95.59,165.81,0.32,0.32,0.37,Coconut
28.99,90.74,148.84,0.31,0.34,0.35,Coconut
29.52,92.56,131.21,0.43,0.15,0.42,Coconut
26,94.8,209.54,0.03,0.48,0.48,Coconut
27.57,94.9,145.93,0.16,0.39,0.44,Coconut
28.29,97,142.94,0.4,0.25,0.35,Coconut
26.51,94.48,199.88,0.4,0.3,0.3,Coconut
27.46,92.91,142.14,0.37,0.25,0.38,Coconut
29.18,92.73,204.96,0.37,0.1,0.53,Coconut
26.59,90.99,178.81,0.34,0.33,0.32,Coconut
26.61,96.97,191.01,0.34,0.3,0.36,Coconut
25.95,94.74,144.16,0.39,0.13,0.48,Coconut
25.85,90.93,147.89,0.51,0.09,0.4,Coconut
29.13,91.31,157.24,0.49,0.1,0.41,Coconut
25.61,94.31,224.32,0.42,0.26,0.32,Coconut
26.3,99.66,215.92,0.28,0.22,0.5,Coconut
29.29,91.96,132.15,0.31,0.12,0.57,Coconut
25.55,91.64,212.87,0.13,0.43,0.43,Coconut
25.95,94.74,144.16,0.39,0.13,0.48,Coconut
28.74,93.4,156.77,0.28,0.18,0.53,Coconut
27.54,94.59,150.2,0.52,0.09,0.39,Coconut
29.57,91.41,224.83,0.24,0.38,0.38,Coconut
28.83,92.17,145.42,0.35,0.28,0.37,Coconut
26.52,98.38,144.63,0.37,0.23,0.4,Coconut
25.76,94.66,131.25,0.11,0.33,0.56,Coconut
26.87,91.73,214.41,0.45,0.12,0.43,Coconut
26.92,99.85,225.63,0.06,0.19,0.74,Coconut
27.81,97.48,154.06,0.39,0.14,0.47,Coconut
26.61,96.97,191.01,0.34,0.3,0.36,Coconut
29.18,90.27,188.93,0.34,0.25,0.42,Coconut
27.46,92.91,142.14,0.37,0.25,0.38,Coconut
27.01,96.46,144.33,0.4,0.12,0.48,Coconut
28.06,98.37,171.65,0,0.48,0.52,Coconut
25.1,92.36,157.76,0.26,0.38,0.36,Coconut
27.56,99.98,174.63,0.44,0.24,0.32,Coconut
28.3,95.41,182.45,0.35,0.3,0.34,Coconut
26.51,94.48,199.88,0.4,0.3,0.3,Coconut
26.45,93.45,149.22,0.33,0.3,0.37,Coconut
26.61,96.97,191.01,0.34,0.3,0.36,Coconut
27.75,95.95,131.09,0.02,0.28,0.7,Coconut
25.52,94.33,135.13,0.12,0.42,0.45,Coconut
25.55,91.64,212.87,0.13,0.43,0.43,Coconut
29.52,92.56,131.21,0.43,0.15,0.42,Coconut
28.48,97.77,160.39,0.54,0.07,0.39,Coconut
26.31,98.62,208.12,0.35,0.29,0.36,Coconut
28.97,98.1,213.9,0.14,0.27,0.59,Coconut
27.81,97.48,154.06,0.39,0.14,0.47,Coconut
28.83,92.17,145.42,0.35,0.28,0.37,Coconut
25.6,99.72,165.82,0.29,0.28,0.43,Coconut
27.8,99.65,181.69,0.16,0.29,0.56,Coconut
27.75,95.95,131.09,0.02,0.28,0.7,Coconut
28.03,95.02,218.01,0.35,0.18,0.47,Coconut
28.06,98.37,171.65,0,0.48,0.52,Coconut
28.83,92.17,145.42,0.35,0.28,0.37,Coconut
27.19,92.2,141.32,0.33,0.31,0.37,Coconut
26.45,98.3,221.23,0.42,0.12,0.46,Coconut
27.56,99.98,174.63,0.44,0.24,0.32,Coconut
25.07,93.31,134.84,0.43,0.15,0.42,Coconut
26.93,98.8,166.57,0.26,0.35,0.39,Coconut
28.44,95.88,203.93,0.35,0.13,0.52,Coconut
29.01,94.01,150.05,0.21,0.19,0.6,Coconut
29.01,94.01,150.05,0.21,0.19,0.6,Coconut
28.97,98.1,213.9,0.14,0.27,0.59,Coconut
28.99,90.74,148.84,0.31,0.34,0.35,Coconut
29.7,95.66,215.2,0.05,0.41,0.54,Coconut
26.92,91.2,194.9,0.46,0.17,0.37,Coconut
25.61,94.31,224.32,0.42,0.26,0.32,Coconut
28.48,97.77,160.39,0.54,0.07,0.39,Coconut
29.13,91.31,157.24,0.49,0.1,0.41,Coconut
29.7,95.21,148.3,0.4,0.17,0.43,Coconut
25.52,94.33,135.13,0.12,0.42,0.45,Coconut
29.18,92.73,204.96,0.37,0.1,0.53,Coconut
25.85,90.93,147.89,0.51,0.09,0.4,Coconut
29.01,94.01,150.05,0.21,0.19,0.6,Coconut
26.92,99.85,225.63,0.06,0.19,0.74,Coconut
27.08,97,171.76,0.49,0.09,0.43,Coconut
26.14,96.39,131.34,0.28,0.18,0.54,Coconut
25.52,94.38,178.73,0,0.38,0.62,Coconut
26.14,93.28,195.41,0.24,0.4,0.36,Coconut
28.97,98.1,213.9,0.14,0.27,0.59,Coconut
25.03,91.54,179.82,0.03,0.36,0.6,Coconut
28.99,90.74,148.84,0.31,0.34,0.35,Coconut
28.13,95.65,151.08,0.18,0.38,0.45,Coconut
26.58,95.79,171.63,0.4,0.3,0.29,Coconut
27.75,95.95,131.09,0.02,0.28,0.7,Coconut
29.18,90.27,188.93,0.34,0.25,0.42,Coconut
28.39,99.19,189.67,0.37,0.1,0.52,Coconut
29.57,91.41,224.83,0.24,0.38,0.38,Coconut
26.31,98.62,208.12,0.35,0.29,0.36,Coconut
25.01,95.59,165.81,0.32,0.32,0.37,Coconut
26.45,98.3,221.23,0.42,0.12,0.46,Coconut
28.97,98.1,213.9,0.14,0.27,0.59,Coconut
28.84,99.64,224.4,0.2,0.37,0.43,Coconut
26.92,99.85,225.63,0.06,0.19,0.74,Coconut
26.59,90.99,178.81,0.34,0.33,0.32,Coconut
29.2,95.67,211.25,0.39,0.23,0.39,Coconut
25.55,91.64,212.87,0.13,0.43,0.43,Coconut
26.07,96.7,143.53,0.52,0.06,0.42,Coconut
28.44,91.81,145.54,0.27,0.3,0.43,Coconut
27.81,97.48,154.06,0.39,0.14,0.47,Coconut
29.13,91.31,157.24,0.49,0.1,0.41,Coconut
29.87,91.15,192.77,0.41,0.15,0.44,Coconut
25.61,94.31,224.32,0.42,0.26,0.32,Coconut
28.44,91.81,145.54,0.27,0.3,0.43,Coconut
25.85,90.93,147.89,0.51,0.09,0.4,Coconut
27.08,97,171.76,0.49,0.09,0.43,Coconut
25.03,91.54,179.82,0.03,0.36,0.6,Coconut
25.07,95.02,192.9,0,0.46,0.54,Coconut
26.38,91.5,167.05,0.27,0.38,0.35,Coconut
27.15,91.49,164.92,0.44,0.19,0.37,Coconut
26.11,91.52,134.13,0.36,0.11,0.53,Coconut
26.52,98.38,144.63,0.37,0.23,0.4,Coconut
25.95,93.41,172.05,0.16,0.29,0.55,Coconut
25.07,95.02,192.9,0,0.46,0.54,Coconut
27.15,91.49,164.92,0.44,0.19,0.37,Coconut
28.06,98.37,171.65,0,0.48,0.52,Coconut
28.44,95.88,203.93,0.35,0.13,0.52,Coconut
27.13,95.24,204.72,0,0.37,0.63,Coconut
26.45,98.3,221.23,0.42,0.12,0.46,Coconut
27.59,92.49,162.84,0.27,0.29,0.44,Coconut
28.96,95.16,222.8,0.47,0.13,0.41,Coconut
28.94,93,191.77,0.32,0.31,0.37,Coconut
26.52,98.38,144.63,0.37,0.23,0.4,Coconut
26.45,93.45,149.22,0.33,0.3,0.37,Coconut
29.13,91.31,157.24,0.49,0.1,0.41,Coconut
27.57,94.9,145.93,0.16,0.39,0.44,Coconut
26.11,91.52,134.13,0.36,0.11,0.53,Coconut
26.52,98.38,144.63,0.37,0.23,0.4,Coconut
29.71,96.3,209.85,0.27,0.23,0.5,Coconut
26.14,93.28,195.41,0.24,0.4,0.36,Coconut
28.44,91.81,145.54,0.27,0.3,0.43,Coconut
26.52,98.38,144.63,0.37,0.23,0.4,Coconut
25.61,94.31,224.32,0.42,0.26,0.32,Coconut
27.02,95.72,147.17,0.02,0.14,0.83,Coconut
28.97,98.1,213.9,0.14,0.27,0.59,Coconut
26.45,98.3,221.23,0.42,0.12,0.46,Coconut
29.52,92.56,131.21,0.43,0.15,0.42,Coconut
25.01,95.59,165.81,0.32,0.32,0.37,Coconut
29.18,90.27,188.93,0.34,0.25,0.42,Coconut
27.06,91.11,224.7,0.41,0.18,0.41,Coconut
27.15,91.49,164.92,0.44,0.19,0.37,Coconut
28.3,95.41,182.45,0.35,0.3,0.34,Coconut
26.51,94.48,199.88,0.4,0.3,0.3,Coconut
28.06,98.37,171.65,0,0.48,0.52,Coconut
26.45,98.3,221.23,0.42,0.12,0.46,Coconut
27.13,95.24,204.72,0,0.37,0.63,Coconut
26.45,98.3,221.23,0.42,0.12,0.46,Coconut
29.03,90.79,205.57,0.23,0.41,0.36,Coconut
29.18,92.73,204.96,0.37,0.1,0.53,Coconut
26.59,90.99,178.81,0.34,0.33,0.32,Coconut
29.13,91.31,157.24,0.49,0.1,0.41,Coconut
27.54,94.59,150.2,0.52,0.09,0.39,Coconut
29.29,91.96,132.15,0.31,0.12,0.57,Coconut
26.14,96.39,131.34,0.28,0.18,0.54,Coconut
29.71,96.3,209.85,0.27,0.23,0.5,Coconut
28.94,93,191.77,0.32,0.31,0.37,Coconut
27.8,99.65,181.69,0.16,0.29,0.56,Coconut
27.31,99.97,201.83,0.12,0.27,0.6,Coconut
29.03,90.79,205.57,0.23,0.41,0.36,Coconut
25.57,97.61,199.79,0.4,0.26,0.34,Coconut
25.79,93.84,152.42,0.49,0.07,0.45,Coconut
27.1,93.7,150.95,0.52,0.07,0.41,Coconut
29.53,91.91,194.31,0.2,0.3,0.5,Coconut
28.94,93,191.77,0.32,0.31,0.37,Coconut
27.8,99.65,181.69,0.16,0.29,0.56,Coconut
25.95,94.74,144.16,0.39,0.13,0.48,Coconut
28.44,95.88,203.93,0.35,0.13,0.52,Coconut
27.56,99.98,174.63,0.44,0.24,0.32,Coconut
28.44,91.81,145.54,0.27,0.3,0.43,Coconut
27.46,92.91,142.14,0.37,0.25,0.38,Coconut
29.7,95.66,215.2,0.05,0.41,0.54,Coconut
25.03,91.54,179.82,0.03,0.36,0.6,Coconut
27.31,99.97,201.83,0.12,0.27,0.6,Coconut
25.1,92.36,157.76,0.26,0.38,0.36,Coconut
26.31,98.62,208.12,0.35,0.29,0.36,Coconut
27.8,99.65,181.69,0.16,0.29,0.56,Coconut
27.81,97.48,154.06,0.39,0.14,0.47,Coconut
26.11,91.52,134.13,0.36,0.11,0.53,Coconut
25.76,94.66,131.25,0.11,0.33,0.56,Coconut
27.59,92.49,162.84,0.27,0.29,0.44,Coconut
27.64,99.35,157.92,0.44,0.21,0.35,Coconut
26.38,91.5,167.05,0.27,0.38,0.35,Coconut
28.84,99.64,224.4,0.2,0.37,0.43,Coconut
25.03,79.04,97.1,0.66,0.22,0.12,Cotton
24.65,75.64,61.83,0.66,0.26,0.09,Cotton
24.69,78.51,69.31,0.63,0.23,0.14,Cotton
24.69,81.74,78.58,0.65,0.26,0.1,Cotton
22.22,76.18,70.41,0.62,0.26,0.12,Cotton
23.41,76.44,78.82,0.64,0.22,0.14,Cotton
24.69,78.51,69.31,0.63,0.23,0.14,Cotton
22.45,76.26,86.85,0.62,0.25,0.12,Cotton
24.96,81.32,80.04,0.68,0.22,0.09,Cotton
22.32,83.86,65.36,0.62,0.31,0.08,Cotton
23.61,79.3,72.5,0.66,0.26,0.09,Cotton
22,79.47,90.42,0.64,0.22,0.14,Cotton
23.04,76.11,91.5,0.58,0.3,0.12,Cotton
22.01,81.84,92.24,0.63,0.27,0.1,Cotton
25.54,84.09,88.94,0.64,0.27,0.09,Cotton
23.96,76.59,76.13,0.66,0.25,0.09,Cotton
23.66,84.48,88.54,0.66,0.26,0.08,Cotton
22.92,82.69,92.92,0.65,0.24,0.12,Cotton
24.44,81.7,60.8,0.64,0.23,0.13,Cotton
25.5,79.98,67.06,0.65,0.24,0.11,Cotton
24.87,78.22,79.57,0.59,0.28,0.12,Cotton
23.87,75.68,90.45,0.7,0.2,0.1,Cotton
22.95,78.72,99.75,0.64,0.28,0.08,Cotton
24.33,80.13,69.45,0.67,0.23,0.1,Cotton
24.14,84.52,80.36,0.62,0.3,0.08,Cotton
22.6,80.35,88.57,0.65,0.23,0.13,Cotton
22.45,76.26,86.85,0.62,0.25,0.12,Cotton
24.87,78.22,79.57,0.59,0.28,0.12,Cotton
24.48,84.45,90.94,0.63,0.23,0.14,Cotton
22.01,81.84,92.24,0.63,0.27,0.1,Cotton
25.72,81.2,99.93,0.64,0.24,0.12,Cotton
23.09,83.56,71.84,0.6,0.25,0.14,Cotton
24.96,81.32,80.04,0.68,0.22,0.09,Cotton
25.85,84.17,77.03,0.68,0.2,0.11,Cotton
24.71,77.73,85.25,0.61,0.3,0.09,Cotton
22.76,76.76,97.77,0.58,0.32,0.09,Cotton
25.07,82.5,93.51,0.62,0.28,0.09,Cotton
25.79,75.01,91.4,0.65,0.23,0.11,Cotton
24.4,79.2,90.8,0.65,0.23,0.12,Cotton
25.32,81.79,83.47,0.63,0.29,0.08,Cotton
22.61,77.34,75.14,0.63,0.22,0.14,Cotton
24.29,81.02,90.42,0.68,0.21,0.11,Cotton
22.78,77.51,64.61,0.66,0.22,0.12,Cotton
23.78,83.04,66.27,0.61,0.29,0.1,Cotton
25.67,81.38,78.6,0.57,0.33,0.1,Cotton
24.71,77.73,85.25,0.61,0.3,0.09,Cotton
24.96,81.32,80.04,0.68,0.22,0.09,Cotton
22,79.47,90.42,0.64,0.22,0.14,Cotton
24.71,77.73,85.25,0.61,0.3,0.09,Cotton
25.54,84.09,88.94,0.64,0.27,0.09,Cotton
22.15,82.86,60.65,0.67,0.25,0.08,Cotton
22.92,82.69,92.92,0.65,0.24,0.12,Cotton
25.03,79.04,97.1,0.66,0.22,0.12,Cotton
25.97,81.98,74.14,0.6,0.32,0.09,Cotton
22.46,81.31,64.23,0.64,0.24,0.12,Cotton
23.05,75.54,70.66,0.65,0.26,0.08,Cotton
22.08,82.83,67.06,0.64,0.24,0.12,Cotton
25.99,77.05,89.12,0.62,0.3,0.08,Cotton
24.33,80.13,69.45,0.67,0.23,0.1,Cotton
24.69,84.84,89.8,0.59,0.28,0.12,Cotton
22.73,77.08,77.55,0.71,0.2,0.09,Cotton
24.69,78.51,69.31,0.63,0.23,0.14,Cotton
22.73,77.08,77.55,0.71,0.2,0.09,Cotton
25.67,81.38,78.6,0.57,0.33,0.1,Cotton
23.66,81.69,99.37,0.67,0.2,0.13,Cotton
22.95,78.72,99.75,0.64,0.28,0.08,Cotton
23.66,77.52,74.9,0.63,0.28,0.1,Cotton
25.85,84.17,77.03,0.68,0.2,0.11,Cotton
24.55,75.4,63.88,0.66,0.23,0.11,Cotton
22.11,78.58,74.94,0.66,0.22,0.12,Cotton
22.6,80.35,88.57,0.65,0.23,0.13,Cotton
23.66,81.69,99.37,0.67,0.2,0.13,Cotton
25.69,77.91,66.19,0.6,0.26,0.13,Cotton
22.05,84.63,86.01,0.62,0.24,0.14,Cotton
23.44,78.63,81.15,0.62,0.27,0.12,Cotton
23.96,76.59,76.13,0.66,0.25,0.09,Cotton
22.96,82.34,66.48,0.63,0.27,0.1,Cotton
25.69,77.91,66.19,0.6,0.26,0.13,Cotton
25.07,82.5,93.51,0.62,0.28,0.09,Cotton
23.44,78.63,81.15,0.62,0.27,0.12,Cotton
22.95,78.72,99.75,0.64,0.28,0.08,Cotton
22.01,81.84,92.24,0.63,0.27,0.1,Cotton
25.72,81.2,99.93,0.64,0.24,0.12,Cotton
22.08,82.83,67.06,0.64,0.24,0.12,Cotton
23.04,76.47,90.65,0.59,0.27,0.13,Cotton
25.03,79.04,97.1,0.66,0.22,0.12,Cotton
24.87,78.22,79.57,0.59,0.28,0.12,Cotton
23.66,84.48,88.54,0.66,0.26,0.08,Cotton
24.55,75.4,63.88,0.66,0.23,0.11,Cotton
24.3,84.88,65.02,0.63,0.27,0.1,Cotton
22.43,81.53,65.54,0.64,0.26,0.11,Cotton
22.78,77.51,64.61,0.66,0.22,0.12,Cotton
24.55,75.4,63.88,0.66,0.23,0.11,Cotton
23.53,77.22,87.54,0.56,0.32,0.12,Cotton
23.09,83.56,71.84,0.6,0.25,0.14,Cotton
22.78,77.51,64.61,0.66,0.22,0.12,Cotton
25.79,75.01,91.4,0.65,0.23,0.11,Cotton
22.96,82.34,66.48,0.63,0.27,0.1,Cotton
25.03,82.21,95.02,0.68,0.21,0.11,Cotton
23.53,77.22,87.54,0.56,0.32,0.12,Cotton
25.46,81.57,76.89,0.62,0.3,0.08,Cotton
25.07,82.5,93.51,0.62,0.28,0.09,Cotton
22,79.47,90.42,0.64,0.22,0.14,Cotton
22.92,82.69,92.92,0.65,0.24,0.12,Cotton
23.81,83.92,70.97,0.64,0.27,0.09,Cotton
24.69,84.84,89.8,0.59,0.28,0.12,Cotton
23.96,76.59,76.13,0.66,0.25,0.09,Cotton
23.97,76.98,90.76,0.62,0.28,0.11,Cotton
23.05,75.54,70.66,0.65,0.26,0.08,Cotton
25.03,82.21,95.02,0.68,0.21,0.11,Cotton
23.48,81.73,86.76,0.7,0.22,0.08,Cotton
23.96,78.03,84.63,0.61,0.29,0.1,Cotton
24.89,75.62,89.76,0.66,0.23,0.11,Cotton
23.53,77.22,87.54,0.56,0.32,0.12,Cotton
25.36,83.63,88.44,0.67,0.2,0.12,Cotton
23.66,84.48,88.54,0.66,0.26,0.08,Cotton
24.58,79.12,71.95,0.61,0.28,0.1,Cotton
22.74,80.41,90.07,0.69,0.18,0.12,Cotton
22.95,78.72,99.75,0.64,0.28,0.08,Cotton
25,80.54,96.33,0.65,0.24,0.11,Cotton
22.96,82.34,66.48,0.63,0.27,0.1,Cotton
22.46,75.41,71.85,0.65,0.26,0.09,Cotton
23.81,83.92,70.97,0.64,0.27,0.09,Cotton
25.29,75.67,62.64,0.65,0.22,0.13,Cotton
25.25,83.46,86.56,0.74,0.19,0.08,Cotton
23.53,77.22,87.54,0.56,0.32,0.12,Cotton
22.42,84.56,93.47,0.61,0.25,0.13,Cotton
24.58,79.12,71.95,0.61,0.28,0.1,Cotton
22.96,82.34,66.48,0.63,0.27,0.1,Cotton
24.65,75.64,61.83,0.66,0.26,0.09,Cotton
25.4,76.53,62.51,0.67,0.22,0.11,Cotton
23.53,77.22,87.54,0.56,0.32,0.12,Cotton
24.87,78.22,79.57,0.59,0.28,0.12,Cotton
23.96,76.59,76.13,0.66,0.25,0.09,Cotton
22.95,78.72,99.75,0.64,0.28,0.08,Cotton
24.19,76.04,69.08,0.61,0.28,0.11,Cotton
23.96,76.59,76.13,0.66,0.25,0.09,Cotton
22.78,77.51,64.61,0.66,0.22,0.12,Cotton
22.8,84.15,91.64,0.59,0.29,0.11,Cotton
23.04,76.47,90.65,0.59,0.27,0.13,Cotton
25.31,77.92,72.83,0.62,0.23,0.15,Cotton
23.81,83.92,70.97,0.64,0.27,0.09,Cotton
25,80.54,96.33,0.65,0.24,0.11,Cotton
25.03,82.21,95.02,0.68,0.21,0.11,Cotton
23.04,76.11,91.5,0.58,0.3,0.12,Cotton
24.29,84.62,81.06,0.64,0.26,0.1,Cotton
23.74,75.78,76.64,0.59,0.32,0.08,Cotton
22.78,77.51,64.61,0.66,0.22,0.12,Cotton
25.54,84.09,88.94,0.64,0.27,0.09,Cotton
25.99,77.05,89.12,0.62,0.3,0.08,Cotton
22.01,81.84,92.24,0.63,0.27,0.1,Cotton
24.29,81.02,90.42,0.68,0.21,0.11,Cotton
22.95,78.72,99.75,0.64,0.28,0.08,Cotton
24.41,80.8,98.6,0.66,0.24,0.1,Cotton
23.09,83.56,71.84,0.6,0.25,0.14,Cotton
25.29,75.67,62.64,0.65,0.22,0.13,Cotton
23.97,76.98,90.76,0.62,0.28,0.11,Cotton
23.66,81.69,99.37,0.67,0.2,0.13,Cotton
25.72,81.2,99.93,0.64,0.24,0.12,Cotton
23.44,78.63,81.15,0.62,0.27,0.12,Cotton
23.66,84.48,88.54,0.66,0.26,0.08,Cotton
24.89,75.62,89.76,0.66,0.23,0.11,Cotton
23.87,75.68,90.45,0.7,0.2,0.1,Cotton
22.78,77.51,64.61,0.66,0.22,0.12,Cotton
22.92,82.69,92.92,0.65,0.24,0.12,Cotton
25.79,75.01,91.4,0.65,0.23,0.11,Cotton
25.99,77.05,89.12,0.62,0.3,0.08,Cotton
22.92,82.69,92.92,0.65,0.24,0.12,Cotton
24.16,76.74,61.95,0.65,0.26,0.09,Cotton
25.69,77.91,66.19,0.6,0.26,0.13,Cotton
25.5,79.98,67.06,0.65,0.24,0.11,Cotton
23.1,84.86,71.3,0.71,0.19,0.1,Cotton
23.61,79.3,72.5,0.66,0.26,0.09,Cotton
25.79,75.01,91.4,0.65,0.23,0.11,Cotton
23.41,76.44,78.82,0.64,0.22,0.14,Cotton
23.53,77.22,87.54,0.56,0.32,0.12,Cotton
25.4,76.53,62.51,0.67,0.22,0.11,Cotton
25.32,81.79,83.47,0.63,0.29,0.08,Cotton
25.03,79.04,97.1,0.66,0.22,0.12,Cotton
23.04,76.47,90.65,0.59,0.27,0.13,Cotton
23.64,78.13,80.96,0.65,0.24,0.11,Cotton
23.78,83.04,66.27,0.61,0.29,0.1,Cotton
23.96,78.03,84.63,0.61,0.29,0.1,Cotton
23.64,78.13,80.96,0.65,0.24,0.11,Cotton
24.44,81.7,60.8,0.64,0.23,0.13,Cotton
22.43,81.53,65.54,0.64,0.26,0.11,Cotton
24.89,75.62,89.76,0.66,0.23,0.11,Cotton
25.07,82.5,93.51,0.62,0.28,0.09,Cotton
23.37,77.43,71.68,0.63,0.24,0.12,Cotton
22.22,76.18,70.41,0.62,0.26,0.12,Cotton
24.49,82.24,64.03,0.71,0.19,0.1,Cotton
24.96,81.32,80.04,0.68,0.22,0.09,Cotton
23.5,83.63,79.81,0.61,0.3,0.09,Cotton
25.31,77.92,72.83,0.62,0.23,0.15,Cotton
22.43,81.53,65.54,0.64,0.26,0.11,Cotton
24.88,76.3,91.92,0.7,0.2,0.1,Cotton
24.49,82.24,64.03,0.71,0.19,0.1,Cotton
25.72,81.2,99.93,0.64,0.24,0.12,Cotton
22.74,80.41,90.07,0.69,0.18,0.12,Cotton
22.11,78.58,74.94,0.66,0.22,0.12,Cotton
25.14,65.26,76.68,0.51,0.34,0.14,Maize
22.81,56.51,101.6,0.5,0.38,0.12,Maize
23.02,61.89,63.04,0.52,0.29,0.19,Maize
25.38,57.21,101.7,0.54,0.36,0.1,Maize
26.14,66.21,107.24,0.54,0.31,0.15,Maize
25.95,61.89,99.58,0.53,0.31,0.16,Maize
19.33,68.03,84.23,0.54,0.3,0.15,Maize
24.92,66.79,109.22,0.44,0.39,0.16,Maize
25.62,66.5,105.47,0.62,0.27,0.11,Maize
18.65,61.38,93.62,0.54,0.3,0.16,Maize
26.55,72.89,73.34,0.59,0.25,0.16,Maize
25.11,55.98,78.16,0.5,0.37,0.13,Maize
18.28,66.66,80.98,0.49,0.37,0.14,Maize
25.95,61.89,99.58,0.53,0.31,0.16,Maize
25.08,65.92,62.49,0.62,0.27,0.11,Maize
23.09,60.12,65.5,0.48,0.38,0.14,Maize
23.31,63.25,108.76,0.54,0.28,0.18,Maize
26.17,71.96,79.85,0.52,0.35,0.12,Maize
18.93,72.8,82.34,0.53,0.33,0.14,Maize
18.65,61.38,93.62,0.54,0.3,0.16,Maize
18.48,62.7,65.44,0.51,0.32,0.17,Maize
22.27,59.52,67.97,0.55,0.27,0.18,Maize
24.86,65.74,75.82,0.53,0.36,0.12,Maize
24.86,65.74,75.82,0.53,0.36,0.12,Maize
18.28,66.66,80.98,0.49,0.37,0.14,Maize
25.77,74.09,107.49,0.6,0.27,0.13,Maize
20.04,56.36,109.02,0.49,0.39,0.12,Maize
25.38,57.21,101.7,0.54,0.36,0.1,Maize
20.52,59.21,67.61,0.62,0.27,0.12,Maize
23.39,61.74,107.32,0.57,0.33,0.1,Maize
19.97,57.68,60.65,0.48,0.38,0.14,Maize
23.3,73.63,97.59,0.58,0.31,0.12,Maize
24.84,68.36,74.05,0.56,0.31,0.13,Maize
23.34,59.25,105.01,0.45,0.43,0.12,Maize
26.14,66.21,107.24,0.54,0.31,0.15,Maize
23.3,73.63,97.59,0.58,0.31,0.12,Maize
18.05,62.89,84.24,0.5,0.37,0.13,Maize
23.39,61.74,107.32,0.57,0.33,0.1,Maize
24.88,68.74,91.26,0.45,0.44,0.11,Maize
24.79,70.05,76.73,0.47,0.35,0.18,Maize
23.89,57.49,102.83,0.62,0.26,0.12,Maize
23.8,74.83,91.76,0.65,0.23,0.12,Maize
18.67,71.52,69.93,0.53,0.34,0.13,Maize
20.04,56.36,109.02,0.49,0.39,0.12,Maize
21.54,71.51,102.49,0.54,0.35,0.11,Maize
18.52,55.53,90.99,0.5,0.34,0.15,Maize
25.37,72.52,107.91,0.44,0.41,0.15,Maize
21.7,60.47,95.71,0.48,0.37,0.15,Maize
19.4,62.36,60.95,0.5,0.38,0.12,Maize
19.97,57.68,60.65,0.48,0.38,0.14,Maize
20.42,62.55,65.28,0.55,0.32,0.12,Maize
23.5,61.32,64.78,0.47,0.36,0.17,Maize
22.81,56.51,101.6,0.5,0.38,0.12,Maize
19.29,65.47,71.32,0.51,0.35,0.14,Maize
18.15,71.09,88.08,0.6,0.3,0.09,Maize
19.97,57.68,60.65,0.48,0.38,0.14,Maize
18.28,66.66,80.98,0.49,0.37,0.14,Maize
20.58,65.35,78.35,0.64,0.23,0.13,Maize
25.97,69.36,103.22,0.54,0.31,0.15,Maize
18.52,55.53,90.99,0.5,0.34,0.15,Maize
22.61,63.69,87.76,0.5,0.38,0.11,Maize
22.63,65.77,88.17,0.54,0.29,0.17,Maize
26.1,71.57,102.27,0.5,0.36,0.14,Maize
18.48,62.7,65.44,0.51,0.32,0.17,Maize
23.5,61.32,64.78,0.47,0.36,0.17,Maize
18.65,61.38,93.62,0.54,0.3,0.16,Maize
26.55,72.89,73.34,0.59,0.25,0.16,Maize
25.19,60.2,72.12,0.47,0.38,0.15,Maize
25.95,61.89,99.58,0.53,0.31,0.16,Maize
21.63,60.28,69.22,0.53,0.35,0.12,Maize
18.98,74.53,94.26,0.5,0.38,0.12,Maize
25.08,65.92,62.49,0.62,0.27,0.11,Maize
19.4,62.36,60.95,0.5,0.38,0.12,Maize
24.79,70.05,76.73,0.47,0.35,0.18,Maize
23.5,61.32,64.78,0.47,0.36,0.17,Maize
22.22,72.85,106.62,0.48,0.36,0.16,Maize
19.97,57.68,60.65,0.48,0.38,0.14,Maize
22.03,65.36,83.73,0.55,0.31,0.14,Maize
26.07,59.37,85.76,0.46,0.39,0.14,Maize
25.73,70.75,98.74,0.52,0.36,0.12,Maize
24.93,73.8,79.74,0.5,0.37,0.14,Maize
18.15,71.09,88.08,0.6,0.3,0.09,Maize
19.3,69.63,83.21,0.54,0.34,0.13,Maize
19.2,68.31,87.85,0.63,0.25,0.12,Maize
23.31,63.25,108.76,0.54,0.28,0.18,Maize
20.04,56.36,109.02,0.49,0.39,0.12,Maize
21.45,63.16,65.89,0.59,0.24,0.17,Maize
21.54,71.51,102.49,0.54,0.35,0.11,Maize
26.17,71.96,79.85,0.52,0.35,0.12,Maize
23.89,57.49,102.83,0.62,0.26,0.12,Maize
23.26,72.33,67.1,0.5,0.33,0.17,Maize
24.88,68.74,91.26,0.45,0.44,0.11,Maize
21.78,57.81,102.09,0.54,0.33,0.13,Maize
23.39,61.74,107.32,0.57,0.33,0.1,Maize
23.81,59.25,89.96,0.55,0.31,0.14,Maize
24.11,73.13,71.08,0.58,0.33,0.1,Maize
18.52,55.53,90.99,0.5,0.34,0.15,Maize
26.17,71.96,79.85,0.52,0.35,0.12,Maize
23.5,61.32,64.78,0.47,0.36,0.17,Maize
18.28,66.66,80.98,0.49,0.37,0.14,Maize
24.79,70.05,76.73,0.47,0.35,0.18,Maize
24.61,70.42,104.16,0.52,0.35,0.13,Maize
25.62,63.47,108.83,0.54,0.34,0.12,Maize
21.45,63.16,65.89,0.59,0.24,0.17,Maize
23.09,63.1,70.43,0.53,0.32,0.15,Maize
25.19,60.2,72.12,0.47,0.38,0.15,Maize
22.03,65.36,83.73,0.55,0.31,0.14,Maize
25.77,74.09,107.49,0.6,0.27,0.13,Maize
21.78,57.81,102.09,0.54,0.33,0.13,Maize
18.98,74.53,94.26,0.5,0.38,0.12,Maize
19.97,57.68,60.65,0.48,0.38,0.14,Maize
25.19,60.2,72.12,0.47,0.38,0.15,Maize
18.83,58.75,79.75,0.56,0.3,0.14,Maize
21.78,57.81,102.09,0.54,0.33,0.13,Maize
23.56,71.59,66.72,0.58,0.31,0.12,Maize
23.8,74.83,91.76,0.65,0.23,0.12,Maize
25.7,61.33,83.21,0.56,0.31,0.13,Maize
18.52,55.53,90.99,0.5,0.34,0.15,Maize
18.42,64.24,76.41,0.52,0.33,0.15,Maize
22.61,63.69,87.76,0.5,0.38,0.11,Maize
23.02,61.89,63.04,0.52,0.29,0.19,Maize
25.19,66.69,78.07,0.53,0.36,0.11,Maize
25.95,61.89,99.58,0.53,0.31,0.16,Maize
18.67,71.52,69.93,0.53,0.34,0.13,Maize
25.97,69.36,103.22,0.54,0.31,0.15,Maize
25.73,70.75,98.74,0.52,0.36,0.12,Maize
25.72,67.22,74.51,0.61,0.29,0.1,Maize
18.67,71.52,69.93,0.53,0.34,0.13,Maize
23.3,73.63,97.59,0.58,0.31,0.12,Maize
25.62,63.47,108.83,0.54,0.34,0.12,Maize
18.04,60.61,104.23,0.54,0.33,0.13,Maize
18.48,62.7,65.44,0.51,0.32,0.17,Maize
23.34,59.25,105.01,0.45,0.43,0.12,Maize
24.84,68.36,74.05,0.56,0.31,0.13,Maize
20.52,59.21,67.61,0.62,0.27,0.12,Maize
24.61,70.42,104.16,0.52,0.35,0.13,Maize
23.31,63.25,108.76,0.54,0.28,0.18,Maize
25.7,61.33,83.21,0.56,0.31,0.13,Maize
18.28,66.66,80.98,0.49,0.37,0.14,Maize
21.63,60.28,69.22,0.53,0.35,0.12,Maize
21.7,60.47,95.71,0.48,0.37,0.15,Maize
25.11,55.98,78.16,0.5,0.37,0.13,Maize
19.97,57.68,60.65,0.48,0.38,0.14,Maize
25.11,55.98,78.16,0.5,0.37,0.13,Maize
18.93,72.8,82.34,0.53,0.33,0.14,Maize
25.19,66.69,78.07,0.53,0.36,0.11,Maize
23.31,63.25,108.76,0.54,0.28,0.18,Maize
20.58,65.35,78.35,0.64,0.23,0.13,Maize
19.3,69.63,83.21,0.54,0.34,0.13,Maize
23.89,57.49,102.83,0.62,0.26,0.12,Maize
24.71,56.73,88.45,0.57,0.26,0.17,Maize
24.89,65.61,87.93,0.47,0.36,0.17,Maize
18.42,64.24,76.41,0.52,0.33,0.15,Maize
19.29,65.47,71.32,0.51,0.35,0.14,Maize
23.56,71.59,66.72,0.58,0.31,0.12,Maize
23.8,74.83,91.76,0.65,0.23,0.12,Maize
18.28,66.66,80.98,0.49,0.37,0.14,Maize
24.61,73.59,96.59,0.53,0.32,0.15,Maize
25.72,67.22,74.51,0.61,0.29,0.1,Maize
21.54,71.51,102.49,0.54,0.35,0.11,Maize
22.03,65.36,83.73,0.55,0.31,0.14,Maize
26.55,72.89,73.34,0.59,0.25,0.16,Maize
18.66,61.55,75.03,0.43,0.4,0.17,Maize
18.28,66.66,80.98,0.49,0.37,0.14,Maize
25.01,67.82,62.91,0.52,0.38,0.1,Maize
21.78,57.81,102.09,0.54,0.33,0.13,Maize
24.86,65.74,75.82,0.53,0.36,0.12,Maize
19.3,69.63,83.21,0.54,0.34,0.13,Maize
21.87,61.91,107.27,0.56,0.3,0.14,Maize
23.8,74.83,91.76,0.65,0.23,0.12,Maize
18.88,65.77,94.76,0.61,0.29,0.11,Maize
20.04,56.36,109.02,0.49,0.39,0.12,Maize
22.63,65.77,88.17,0.54,0.29,0.17,Maize
25.38,57.21,101.7,0.54,0.36,0.1,Maize
21.78,57.81,102.09,0.54,0.33,0.13,Maize
23.09,63.1,70.43,0.53,0.32,0.15,Maize
18.25,55.28,63.72,0.44,0.41,0.15,Maize
25.34,63.32,74.52,0.57,0.27,0.16,Maize
26.55,72.89,73.34,0.59,0.25,0.16,Maize
18.75,62.5,70.23,0.45,0.41,0.14,Maize
18.48,62.7,65.44,0.51,0.32,0.17,Maize
25.14,65.26,76.68,0.51,0.34,0.14,Maize
25.19,66.69,78.07,0.53,0.36,0.11,Maize
25.62,66.5,105.47,0.62,0.27,0.11,Maize
20.38,63.74,108.51,0.51,0.38,0.11,Maize
26.55,72.89,73.34,0.59,0.25,0.16,Maize
18.53,69.03,88.1,0.46,0.38,0.16,Maize
23.02,61.89,63.04,0.52,0.29,0.19,Maize
18.88,65.77,94.76,0.61,0.29,0.11,Maize
25.37,72.52,107.91,0.44,0.41,0.15,Maize
24.25,55.65,64.24,0.55,0.28,0.17,Maize
25.62,66.5,105.47,0.62,0.27,0.11,Maize
25.38,57.21,101.7,0.54,0.36,0.1,Maize
18.52,55.53,90.99,0.5,0.34,0.15,Maize
24.89,65.61,87.93,0.47,0.36,0.17,Maize
19.74,59.66,65.51,0.51,0.35,0.14,Maize
22.22,72.85,106.62,0.48,0.36,0.16,Maize
26.17,71.96,79.85,0.52,0.35,0.12,Maize
20.58,69,66.29,0.59,0.28,0.13,Maize
21.7,60.47,95.71,0.48,0.37,0.15,Maize
24.87,82.84,295.61,0.5,0.27,0.23,Rice
20.05,80.35,208.58,0.43,0.34,0.22,Rice
20.62,83.77,279.55,0.49,0.31,0.2,Rice
26.29,84.57,257.49,0.45,0.33,0.22,Rice
25.49,81.41,182.65,0.47,0.28,0.25,Rice
20.28,82.12,191.95,0.45,0.29,0.25,Rice
21.32,83,192.32,0.48,0.26,0.26,Rice
20.82,84.13,230.22,0.5,0.28,0.22,Rice
25.16,83.12,231.38,0.48,0.25,0.27,Rice
21.41,83.33,287.58,0.38,0.34,0.28,Rice
26.09,80.38,182.9,0.4,0.34,0.26,Rice
25.63,83.53,209.9,0.42,0.3,0.28,Rice
24.46,82.75,182.56,0.56,0.23,0.2,Rice
24.53,80.54,260.26,0.52,0.27,0.22,Rice
23.36,83.6,188.41,0.46,0.26,0.28,Rice
20.13,81.6,262.72,0.48,0.26,0.26,Rice
25.76,83.52,245.66,0.45,0.31,0.24,Rice
24.28,80.3,231.09,0.41,0.33,0.27,Rice
25.63,83.53,209.9,0.42,0.3,0.28,Rice
24.53,80.54,260.26,0.52,0.27,0.22,Rice
25.67,80.66,209.59,0.52,0.28,0.2,Rice
26.09,80.38,182.9,0.4,0.34,0.26,Rice
21.77,80.32,226.66,0.46,0.32,0.22,Rice
24.89,81.98,185.95,0.5,0.24,0.26,Rice
21.05,82.68,233.11,0.5,0.25,0.26,Rice
24.98,83.89,204.8,0.4,0.34,0.27,Rice
20.27,81.64,270.44,0.52,0.28,0.2,Rice
21.95,80.97,213.36,0.4,0.35,0.25,Rice
25.08,80.52,257,0.41,0.33,0.26,Rice
20.78,84.5,240.08,0.39,0.32,0.29,Rice
25.16,83.12,231.38,0.48,0.25,0.27,Rice
23.68,81.04,233.7,0.46,0.3,0.24,Rice
22.7,82.81,257,0.41,0.35,0.24,Rice
23.06,83.37,251.05,0.47,0.25,0.28,Rice
24.46,82.75,182.56,0.56,0.23,0.2,Rice
26.29,84.57,257.49,0.45,0.33,0.22,Rice
20.13,81.6,262.72,0.48,0.26,0.26,Rice
20.41,82.21,245.15,0.48,0.27,0.25,Rice
21.77,80.32,226.66,0.46,0.32,0.22,Rice
20.28,82.89,241.97,0.5,0.28,0.21,Rice
26.8,80.89,284.44,0.43,0.32,0.24,Rice
23.43,83.06,219.9,0.43,0.26,0.31,Rice
20.27,81.64,270.44,0.52,0.28,0.2,Rice
24.17,83.73,257.03,0.43,0.3,0.28,Rice
23.68,81.04,233.7,0.46,0.3,0.24,Rice
22.68,83.46,194.27,0.5,0.26,0.24,Rice
22.23,81.86,278.08,0.54,0.2,0.25,Rice
26.88,81.46,194.58,0.51,0.24,0.25,Rice
20.08,83.29,263.64,0.46,0.28,0.25,Rice
24.44,82.45,267.98,0.53,0.21,0.26,Rice
26.88,81.46,194.58,0.51,0.24,0.25,Rice
24.64,80.41,253.72,0.47,0.29,0.24,Rice
26.8,80.89,284.44,0.43,0.32,0.24,Rice
24.52,83.54,230.45,0.49,0.3,0.21,Rice
23.29,81.43,242.32,0.5,0.26,0.23,Rice
25.6,80.15,200.83,0.46,0.34,0.2,Rice
26.93,81.91,290.68,0.51,0.29,0.21,Rice
26.53,81.42,264.61,0.49,0.29,0.22,Rice
22.23,81.86,278.08,0.54,0.2,0.25,Rice
21.77,80.32,226.66,0.46,0.32,0.22,Rice
24.96,84.48,196.96,0.46,0.29,0.25,Rice
20.28,82.12,191.95,0.45,0.29,0.25,Rice
21.87,80.19,224.56,0.51,0.25,0.24,Rice
22.71,82.64,271.32,0.43,0.34,0.23,Rice
25.76,83.52,245.66,0.45,0.31,0.24,Rice
21.05,82.68,233.11,0.5,0.25,0.26,Rice
23.48,81.33,224.06,0.54,0.26,0.2,Rice
23.43,80.57,269.5,0.49,0.3,0.2,Rice
21.32,83,192.32,0.48,0.26,0.26,Rice
24.01,82.06,185.28,0.5,0.3,0.19,Rice
22.7,82.81,257,0.41,0.35,0.24,Rice
23.45,84.79,283.93,0.49,0.25,0.26,Rice
23.64,80.29,263.11,0.44,0.29,0.26,Rice
21.84,80.73,202.38,0.47,0.24,0.28,Rice
21.05,82.68,233.11,0.5,0.25,0.26,Rice
26.09,80.38,182.9,0.4,0.34,0.26,Rice
26.4,81.06,223.37,0.39,0.34,0.27,Rice
26.04,84.97,186.75,0.45,0.29,0.26,Rice
25.49,81.41,182.65,0.47,0.28,0.25,Rice
21.77,80.32,226.66,0.46,0.32,0.22,Rice
21.97,81.9,227.36,0.39,0.36,0.26,Rice
20.28,82.89,241.97,0.5,0.28,0.21,Rice
22.73,82.17,260.89,0.45,0.3,0.25,Rice
26.46,83.86,248.23,0.5,0.26,0.24,Rice
22.78,82.07,248.72,0.44,0.3,0.26,Rice
22.68,83.46,194.27,0.5,0.26,0.24,Rice
26.04,84.97,186.75,0.45,0.29,0.26,Rice
26.73,81.79,280.4,0.42,0.3,0.28,Rice
22.68,83.46,194.27,0.5,0.26,0.24,Rice
26.76,81.18,272.3,0.52,0.3,0.18,Rice
21.14,80.34,198.67,0.52,0.28,0.19,Rice
23.43,83.06,219.9,0.43,0.26,0.31,Rice
26.09,80.38,182.9,0.4,0.34,0.26,Rice
26.36,84.04,271.36,0.49,0.3,0.22,Rice
23.29,81.43,242.32,0.5,0.26,0.23,Rice
23.58,83.59,291.3,0.54,0.21,0.25,Rice
23.84,83.88,241.2,0.52,0.26,0.22,Rice
26.36,84.04,271.36,0.49,0.3,0.22,Rice
21.32,83,192.32,0.48,0.26,0.26,Rice
26.8,82.15,193.35,0.49,0.29,0.22,Rice
24.44,82.45,267.98,0.53,0.21,0.26,Rice
25.6,80.15,200.83,0.46,0.34,0.2,Rice
21.45,84.94,272.2,0.43,0.33,0.24,Rice
22.18,80.33,200.09,0.55,0.21,0.24,Rice
26.31,82.37,265.54,0.47,0.29,0.25,Rice
23.86,83.15,285.25,0.56,0.23,0.21,Rice
22.18,80.33,200.09,0.55,0.21,0.24,Rice
25.43,82.95,195.36,0.47,0.3,0.23,Rice
24.46,82.75,182.56,0.56,0.23,0.2,Rice
26.76,81.18,272.3,0.52,0.3,0.18,Rice
21.32,83,192.32,0.48,0.26,0.26,Rice
24.46,82.75,182.56,0.56,0.23,0.2,Rice
23.06,83.37,251.05,0.47,0.25,0.28,Rice
22.68,83.46,194.27,0.5,0.26,0.24,Rice
21.72,80.24,277.96,0.52,0.29,0.19,Rice
21.95,80.97,213.36,0.4,0.35,0.25,Rice
21.97,81.9,227.36,0.39,0.36,0.26,Rice
20.41,82.21,245.15,0.48,0.27,0.25,Rice
21.77,80.32,226.66,0.46,0.32,0.22,Rice
20.08,83.29,263.64,0.46,0.28,0.25,Rice
21.41,83.33,287.58,0.38,0.34,0.28,Rice
25.28,80.54,220.12,0.41,0.35,0.24,Rice
23.06,83.37,251.05,0.47,0.25,0.28,Rice
21.05,82.68,233.11,0.5,0.25,0.26,Rice
23.86,82.23,195.09,0.49,0.29,0.22,Rice
26.53,81.42,264.61,0.49,0.29,0.22,Rice
24.17,83.73,257.03,0.43,0.3,0.28,Rice
20.05,80.35,208.58,0.43,0.34,0.22,Rice
24.9,80.53,183.68,0.55,0.21,0.23,Rice
26.88,81.46,194.58,0.51,0.24,0.25,Rice
23.29,81.43,242.32,0.5,0.26,0.23,Rice
20.82,84.13,230.22,0.5,0.28,0.22,Rice
25.08,80.52,257,0.41,0.33,0.26,Rice
21.14,80.34,198.67,0.52,0.28,0.19,Rice
26.46,83.86,248.23,0.5,0.26,0.24,Rice
21.59,82.79,276.66,0.52,0.23,0.25,Rice
21.84,80.73,202.38,0.47,0.24,0.28,Rice
20.08,83.29,263.64,0.46,0.28,0.25,Rice
23.24,84.59,233.05,0.49,0.26,0.25,Rice
25.08,80.52,257,0.41,0.33,0.26,Rice
24.89,81.98,185.95,0.5,0.24,0.26,Rice
23.98,81.45,250.08,0.51,0.26,0.24,Rice
20.82,84.13,230.22,0.5,0.28,0.22,Rice
24.96,84.48,196.96,0.46,0.29,0.25,Rice
26.8,80.89,284.44,0.43,0.32,0.24,Rice
25.08,80.52,257,0.41,0.33,0.26,Rice
26.93,81.91,290.68,0.51,0.29,0.21,Rice
21.02,82.95,298.4,0.41,0.29,0.3,Rice
23.86,82.23,195.09,0.49,0.29,0.22,Rice
23,82.32,263.96,0.38,0.35,0.28,Rice
22.68,83.46,194.27,0.5,0.26,0.24,Rice
25.43,82.95,195.36,0.47,0.3,0.23,Rice
25.76,83.52,245.66,0.45,0.31,0.24,Rice
25.67,80.66,209.59,0.52,0.28,0.2,Rice
26.53,81.42,264.61,0.49,0.29,0.22,Rice
25.6,80.15,200.83,0.46,0.34,0.2,Rice
23.83,84.81,298.56,0.51,0.25,0.25,Rice
22.68,83.46,194.27,0.5,0.26,0.24,Rice
25.76,83.52,245.66,0.45,0.31,0.24,Rice
25.63,83.53,209.9,0.42,0.3,0.28,Rice
23,82.32,263.96,0.38,0.35,0.28,Rice
23.22,83.03,221.21,0.41,0.35,0.23,Rice
24.98,83.89,204.8,0.4,0.34,0.27,Rice
24.28,80.3,231.09,0.41,0.33,0.27,Rice
21.32,83,192.32,0.48,0.26,0.26,Rice
26.04,84.97,186.75,0.45,0.29,0.26,Rice
24.52,83.54,230.45,0.49,0.3,0.21,Rice
21.05,82.68,233.11,0.5,0.25,0.26,Rice
26.23,83.84,286.51,0.52,0.28,0.2,Rice
23.06,83.37,251.05,0.47,0.25,0.28,Rice
20.13,81.6,262.72,0.48,0.26,0.26,Rice
23.24,84.59,233.05,0.49,0.26,0.25,Rice
21.67,80.71,210.81,0.49,0.27,0.24,Rice
25.28,80.54,220.12,0.41,0.35,0.24,Rice
20.05,80.35,208.58,0.43,0.34,0.22,Rice
21.72,80.24,277.96,0.52,0.29,0.19,Rice
23.84,83.88,241.2,0.52,0.26,0.22,Rice
24.52,83.54,230.45,0.49,0.3,0.21,Rice
24.96,84.48,196.96,0.46,0.29,0.25,Rice
21.87,80.19,224.56,0.51,0.25,0.24,Rice
26.4,81.06,223.37,0.39,0.34,0.27,Rice
22.68,83.73,200.91,0.51,0.26,0.24,Rice
26.31,82.37,265.54,0.47,0.29,0.25,Rice
23.68,81.04,233.7,0.46,0.3,0.24,Rice
20.28,82.12,191.95,0.45,0.29,0.25,Rice
21.59,82.79,276.66,0.52,0.23,0.25,Rice
23.79,80.42,206.26,0.55,0.21,0.24,Rice
25.43,82.95,195.36,0.47,0.3,0.23,Rice
26.73,81.79,280.4,0.42,0.3,0.28,Rice
24.9,80.53,183.68,0.55,0.21,0.23,Rice
26.09,80.38,182.9,0.4,0.34,0.26,Rice
26.73,81.79,280.4,0.42,0.3,0.28,Rice
22.3,80.64,197.98,0.49,0.3,0.21,Rice
23.36,83.6,188.41,0.46,0.26,0.28,Rice
25.08,80.52,257,0.41,0.33,0.26,Rice
25.49,81.41,182.65,0.47,0.28,0.25,Rice
26.36,84.04,271.36,0.49,0.3,0.22,Rice
23.29,81.43,242.32,0.5,0.26,0.23,Rice
20.88,82,202.94,0.51,0.24,0.25,Rice
22.78,82.07,248.72,0.44,0.3,0.26,Rice